,collectionCode,thingType,tenant,index,entity_key_name,hash
0,/FISIA/SOHSTREAM,SOHSTREAM,FISIA,507,008b245464546500775a91dacad076c7,hash
1,/SHOW/BIZTRANSACTIONTYPE,BIZTRANSACTIONTYPE,SHOW,1048,00a6496cdc1c13279bae7b52671396df,hash
2,/PERN/PART,PART,PERN,997,00d46185ddbb82ab11acd391e7ffd3d7,hash
3,/SHOW/REPLENISHMENTCONFIGURATION,REPLENISHMENTCONFIGURATION,SHOW,1036,0104b52f70de7c1a9a982922109f414f,hash
4,/CSU/TAGIT_PRINTER,TAGIT_PRINTER,CSU,270,0117a799e46d66bf8c5f2d0f0341f913,hash
5,/CHIP/STARFLEXTAGIT,STARFLEXTAGIT,CHIP,222,0149bc1981667af655ed9a8132f05e9b,hash
6,/MOJIXQA/TAGIT_ZPL,TAGIT_ZPL,MOJIXQA,857,016ce83efea0df6c88e2a9d92ec0ea4c,hash
7,/FALA/SALES,SALES,FALA,311,023d59e1c61feabfed3ae8b40f780eb1,hash
8,/FISIA/STORE,STORE,FISIA,506,0274317fd2fcc6a8e683ef3f62309217,hash
9,/MOJIXD/BIZTRANSACTIONTYPE,BIZTRANSACTIONTYPE,MOJIXD,790,02e583a792485a957b6bca7e85d89c20,hash
10,/TOSCA/EPCSEQUENCETHING,EPCSEQUENCETHING,TOSCA,1091,02e9c01041f2816ea7a9339bd48a6bcb,hash
11,/SHOW/TESTWENDYPRODUCT,TESTWENDYPRODUCT,SHOW,1081,0323ab1fd1114b2d159e6c44af317ea1,hash
12,/MOJIXB/EPCISEVENT,EPCISEVENT,MOJIXB,698,0325cbd6ade782cf481e201095328f96,hash
13,/CHIP/CONTENT,CONTENT,CHIP,203,03ff9284ca274324d85ff2de33228ed0,hash
14,/IKEA/DD_SHELFSTATUS,DD_SHELFSTATUS,IKEA,550,0438d83368c051d39df66c23d6f7a22c,hash
15,/BEWI/PRODUCTMEDIATOR,PRODUCTMEDIATOR,BEWI,39,04b5cc9f03d0b60a32b8b6d9014b1554,hash
16,/FALABELLAPE/PRODUCTMEDIATOR,PRODUCTMEDIATOR,FALABELLAPE,371,04e7fc169014039c50a77abc398e0ff9,hash
17,/CENT/STOREATTRIBUTES,STOREATTRIBUTES,CENT,113,04ed2150dc54929d48f2b57afd191be8,hash
18,/MOJIX/REPLENISHMENTCONFIGURATION,REPLENISHMENTCONFIGURATION,MOJIX,627,04f98b896617e5fb687fc3caa235014a,hash
19,/MOJIXC/TAGCOMMISSIONAPPCONFIG,TAGCOMMISSIONAPPCONFIG,MOJIXC,755,057c35a55f8815418104e9991cbfeb89,hash
20,/CENT/APPPARAMETERSCONFIGURATION,APPPARAMETERSCONFIGURATION,CENT,122,05edf50723edd71db484c67948d58971,hash
21,/MOJIXQA/ATTRIBUTE,ATTRIBUTE,MOJIXQA,840,0625fc314ea4cc00b9d1d383afd7c37e,hash
22,/CELINE/DISCREPANCYRULES,DISCREPANCYRULES,CELINE,69,063d0044f8254a6d718037fb8bc5805c,hash
23,/SHOW/UNASSOCIATEDCONFIGURATION,UNASSOCIATEDCONFIGURATION,SHOW,1038,066bc99634c97250aa95e67aa7b032c3,hash
24,/FALABELLAPE/STOCK,STOCK,FALABELLAPE,364,0675bf1b9c87e9076b5f6217a1a2c7f6,hash
25,/CHIP/ATTRIBUTE,ATTRIBUTE,CHIP,200,0678e7dc87dcf9b97a96c7502b96f666,hash
26,/TOSCA/RETAILCONFIGURATION,RETAILCONFIGURATION,TOSCA,1099,06d95f5042735bf9d45a66e63c068fcf,hash
27,/MOJIX/SETTINGEXTENDED,SETTINGEXTENDED,MOJIX,652,07f46aaba894792276eb9ac2ea1a1a1d,hash
28,/TOSCA/DISCREPANCYEXEC,DISCREPANCYEXEC,TOSCA,1096,0811717583f5219c028e962901537176,hash
29,/IKEA/DISCREPANCYEXEC,DISCREPANCYEXEC,IKEA,554,0814f58f85a0c4231ecc0f9652090214,hash
30,/MOJIXC/POECOMMANDANDCONTROL,POECOMMANDANDCONTROL,MOJIXC,760,086289702a066b0f89e8a329dbeeb30a,hash
31,/MOJIXB/DD_SHELFSTATUS,DD_SHELFSTATUS,MOJIXB,670,08acda12207c5da5e1ca173f905f663c,hash
32,/MOJIXQA/PRINTER,PRINTER,MOJIXQA,845,0a4696419c4cfd00a9f47657fc127783,hash
33,/FALA/BIZSTEP,BIZSTEP,FALA,305,0aadbba1ac46e48d4a4d03b3bb308273,hash
34,/MOJIXB/LIGHTBUZZERCONFIG,LIGHTBUZZERCONFIG,MOJIXB,683,0aca9c5a3aad6b861b700f44e907515b,hash
35,/PERN/DEPARTMENTZONEMAPPING,DEPARTMENTZONEMAPPING,PERN,936,0b17a9f9f068030ecf63d53c51dae6f1,hash
36,/FALACO/DEFECT,DEFECT,FALACO,435,0b4978e8f1512677c3feec851e8d55f7,hash
37,/FALABELLAPE/PART,PART,FALABELLAPE,382,0bb66eec086a72d0e9e142b6bdc8db17,hash
38,/BEWI/WEBVIEW_UPDATEINVENTORY,WEBVIEW_UPDATEINVENTORY,BEWI,21,0bbc8302fe8afb8d1eda03a5eb646ec3,hash
39,/PERN/CHANGESTATUSCONFIGURATION,CHANGESTATUSCONFIGURATION,PERN,951,0bccd42286ab814af1172e24c0a95caf,hash
40,/MOJIXD/TAGIT_PRINTER,TAGIT_PRINTER,MOJIXD,806,0c802bb3fe247e00301f37bb2ad03df7,hash
41,/FALAPE/ASSET,ASSET,FALAPE,480,0c83ce9858aacbb10eb68748529b3008,hash
42,/SHOW/ITEMFINALSTATUS,ITEMFINALSTATUS,SHOW,1060,0cb06316d605f805beb5dafd67b9c676,hash
43,/coreBridge,coreBridge,ROOT,1006,0cf5835233a67ebc5bdb7707f34568e5,hash
44,/FISIA/FIXTURE,FIXTURE,FISIA,522,0d0f9570755f53997db435bc95c375b5,hash
45,/MOJIXQA/PRODUCT,PRODUCT,MOJIXQA,821,0d2b68b350374fec95811bce08521e68,hash
46,/FALABELLAPE/ITEMFINALSTATUS,ITEMFINALSTATUS,FALABELLAPE,369,0d51010843e70322479269973611de5c,hash
47,/FALACO/STOCK,STOCK,FALACO,416,0d7397b28416e2ffeca18fee83acc036,hash
48,/SHOW/DAILYSTATS,DAILYSTATS,SHOW,1044,0d8a422b3b0ac52e0b7871264f50ba4c,hash
49,/MOJIXC/DISCREPANCYRULES,DISCREPANCYRULES,MOJIXC,728,0df607ae932afb599c136f45be24f3f6,hash
50,/CELINE/WEBVIEW_UPDATEINVENTORY,WEBVIEW_UPDATEINVENTORY,CELINE,74,0e1ccef05875381cdeba75f11faf26b4,hash
51,/MOJIXC/STOREATTRIBUTES,STOREATTRIBUTES,MOJIXC,720,0e9eaef12637c512e456b623f807f682,hash
52,/FISIA/DD_SHELFSTATUS,DD_SHELFSTATUS,FISIA,498,0eef9eaba95e415b0d5d76826d43aac4,hash
53,/MOJIXC/LOCATION,LOCATION,MOJIXC,740,0f0f9cfb798dd3248d27a648bd33f1bb,hash
54,/PERN/ITEMFINALSTATUS,ITEMFINALSTATUS,PERN,982,0f3aab2f11a57aaed93f18430043dbee,hash
55,/BEWI/STARFLEXTAGIT,STARFLEXTAGIT,BEWI,46,0f4c79631ae620c511d23685590f3e13,hash
56,/CENT/CONFIGURATIONTHING,CONFIGURATIONTHING,CENT,125,0f87100bd6645a5a4d6260eccf8f2ebe,hash
57,/CSU/STOREATTRIBUTES,STOREATTRIBUTES,CSU,236,0fb73af9ca094aca53851eb56cd25426,hash
58,/FISIA/PRODUCTMEDIATOR,PRODUCTMEDIATOR,FISIA,527,10560acea6ce2f3c75964c03ee2cfca1,hash
59,/IKEA/LIGHTBUZZERCONFIG,LIGHTBUZZERCONFIG,IKEA,563,10857febeaeb9d01c58f179a27556551,hash
60,/MOJIXB/WEBVIEW_UPDATEINVENTORY,WEBVIEW_UPDATEINVENTORY,MOJIXB,681,109b936afcadf21ddb9e7801925fc932,hash
61,/IKEA/STORE,STORE,IKEA,558,10ca1bb062b42673de5fa6688be4c542,hash
62,/TOSCA/DISCREPANCY,DISCREPANCY,TOSCA,1095,10e9cb68be69339d835b8f2117cfc6c6,hash
63,/FALAPE/DAILYSTATS,DAILYSTATS,FALAPE,458,11303cc2543b2daa16bbd34a01965535,hash
64,/MOJIXQA/DD_SORTORDER,DD_SORTORDER,MOJIXQA,828,11d0881df93f2afe69502e135597d9c0,hash
65,/MOJIXB/DEPARTMENTZONEMAPPING,DEPARTMENTZONEMAPPING,MOJIXB,662,11d0b70ffa58390af4c67f1bd8d6f4cf,hash
66,/CENT/ATTRIBUTE,ATTRIBUTE,CENT,142,11dcac53fd56420d2ee90eb9ef625341,hash
67,/CELINE/SALES,SALES,CELINE,84,11ee6f44840f0323f3de242723f13bcd,hash
68,/CENT/EPCISEVENT,EPCISEVENT,CENT,157,123252bfef29dfca4bf4c1063460b753,hash
69,/PE/DISCREPANCYLEVEL1,DISCREPANCYLEVEL1,PE,883,12588340cbfbb79a6f3ce70c39cf999e,hash
70,/CSU/FIXTURE,FIXTURE,CSU,262,12607c30b2512f9aa3e883d194cba91d,hash
71,/MOJIXQA/CONTENT,CONTENT,MOJIXQA,843,12966e50012d4280093c7add8308412d,hash
72,/CELINE/DISCREPANCYEXEC,DISCREPANCYEXEC,CELINE,67,12976171c4f79fc7d584075dbd00b208,hash
73,/CENT/REFERENCELIST,REFERENCELIST,CENT,149,1314b3fa4d072b76a3173900319a5be9,hash
74,/FISIA/EPCISEVENT,EPCISEVENT,FISIA,526,136d0a7c367aa46327166d6d546dc6fe,hash
75,/PE/RETAILPRODUCT2ITEMMAPPING,RETAILPRODUCT2ITEMMAPPING,PE,905,13a64b925147a83121bf881720760b3e,hash
76,/MOJIXB/PRODUCT,PRODUCT,MOJIXB,665,13bfc43ee5787d3bd690102f393f95c8,hash
77,/MOJIXB/PRINTER,PRINTER,MOJIXB,689,1413273937142fdb4919dac123f154f1,hash
78,/MOJIX/LOCATION,LOCATION,MOJIX,620,1453c6b6ca6b3594ec2e345c0af04fa3,hash
79,/FALA/DD_SORTORDER,DD_SORTORDER,FALA,292,14b7f06d78eabf3099f2f04b2cc55306,hash
80,/PE/LOCATION,LOCATION,PE,896,14ca50fbedcd2ad7fed776282042b905,hash
81,/PE/STORE,STORE,PE,914,15448bfb28be7a0afa66940d874fbf98,hash
82,/IKEA/ITEMFINALSTATUS,ITEMFINALSTATUS,IKEA,577,1555325d46d74fb1f4004ea5f54ed1e4,hash
83,/CSU/REFERENCELIST,REFERENCELIST,CSU,258,1569ed36c828fd49cd3dab256bee5bfb,hash
84,/PE/TAGIT_PRINTER,TAGIT_PRINTER,PE,917,1579afc235fdd92e5ed29eb995bbded4,hash
85,/FALABELLAPE/BIZSTEP,BIZSTEP,FALABELLAPE,357,157c3c657766c6c35ffc621d8807f624,hash
86,/MOJIXB/ITEM,ITEM,MOJIXB,664,15a1a76ea64f4bc0507ea79ac3796ccd,hash
87,/SHOW/DISCREPANCYLEVEL1,DISCREPANCYLEVEL1,SHOW,1026,15b819e41f62f610cf7b247ee15d63b6,hash
88,/FISIA/DISCREPANCYRULES,DISCREPANCYRULES,FISIA,504,15ca2c0ad206bc5c0c83994ab81ae311,hash
89,/FALA/STARFLEXTAGIT,STARFLEXTAGIT,FALA,326,16246944f0696a3b17271b71e3d93742,hash
90,/FALAPE/STARFLEXTAGIT,STARFLEXTAGIT,FALAPE,482,163834e51102f524cbce07961a12610f,hash
91,/MOJIX/STOREATTRIBUTES,STOREATTRIBUTES,MOJIX,639,16ca7c182756922beb93e3ff1262ea5a,hash
92,/BEWI/RETAILCONFIGURATION,RETAILCONFIGURATION,BEWI,17,16f00391b3deb9bded9f41c3164ddc0a,hash
93,/CENT/DISPOSITION,DISPOSITION,CENT,108,170ce79d8b8325379f32e873580e0746,hash
94,/SHOW/ATTRIBUTE,ATTRIBUTE,SHOW,1046,175ac8664375b163fa5e78d19bb6ddd2,hash
95,/FALAPE/VIZIXEVENTFLAGS,VIZIXEVENTFLAGS,FALAPE,476,1782b3e69452c57d0ac64a4b14b052f9,hash
96,/PE/RETAILCONFIGURATION,RETAILCONFIGURATION,PE,904,17c055e51444fb5760effb518aaf0db1,hash
97,/PE/BIZSTEP,BIZSTEP,PE,870,180245da19797051e632330f29956d16,hash
98,/CSU/DD_SHELFSTATUS,DD_SHELFSTATUS,CSU,238,1807ceba04c9fb8e803dce1e6cd81f01,hash
99,/SHOW/SOHSTREAM,SOHSTREAM,SHOW,1041,18212e90df9b858ace6c0dfd6dbaff40,hash
100,/MOJIX/DEPARTMENTZONEMAPPING,DEPARTMENTZONEMAPPING,MOJIX,604,185c929463f4aa578771654f99f307a8,hash
101,/CENT/LIGHTBUZZERCONFIG,LIGHTBUZZERCONFIG,CENT,141,186b6f7e6394b0b4d53e968aee3094b1,hash
102,/MOJIX/DISPOSITION,DISPOSITION,MOJIX,609,1878c2b37db6f7d02bd055197c78d0fa,hash
103,/SHOW/RECEIVINGCONFIG,RECEIVINGCONFIG,SHOW,1072,188e18f0d5304a69a42a51a1aaf9e971,hash
104,/PERN/STARFLEXCONFIG,STARFLEXCONFIG,PERN,992,19b7664095306fef63acf0744367978f,hash
105,/FISIA/REFERENCELIST,REFERENCELIST,FISIA,518,19d00cf1a6cf7dd338d28c75f09ac1eb,hash
106,/BEWI/STORE,STORE,BEWI,18,1a34152e5200f6c2e5ca2efdf09916a0,hash
107,/FALA/DISCREPANCYLEVEL1,DISCREPANCYLEVEL1,FALA,295,1a3aede56c18d69f74f42fa797b0d7b2,hash
108,/MOJIX/POECOMMANDANDCONTROL,POECOMMANDANDCONTROL,MOJIX,650,1a4ed050bacae2b90731ed8fa6677177,hash
109,/CHIP/DEPARTMENTZONEMAPPING,DEPARTMENTZONEMAPPING,CHIP,178,1a61976beefb9006cce92fa5cad17e6f,hash
110,/MOJIXQA/DEFECT,DEFECT,MOJIXQA,867,1a6d9e3cca9dd4e52ee383c5f64c435b,hash
111,/FALACO/ASSET,ASSET,FALACO,428,1ab54b98dad8fb126c0552f3b3a3666f,hash
112,/IKEA/PART,PART,IKEA,590,1ae9f194d47a32c38754da4b467c023c,hash
113,/CHIP/DISCREPANCYEXEC,DISCREPANCYEXEC,CHIP,190,1b18d98c0bbc717e59c4c426ec279928,hash
114,/CHIP/ASSET,ASSET,CHIP,220,1c1f1c57b72b27b0859739fc02cc9967,hash
115,/PERN/STARFLEXHS,STARFLEXHS,PERN,993,1c7128fd2e2ec160a9f7221e889d5ff4,hash
116,/PE/ENCODETAGSCONFIGURATION,ENCODETAGSCONFIGURATION,PE,886,1cc5996628fe754c266578c623e6afb0,hash
117,/MOJIXC/STORE,STORE,MOJIXC,730,1e00a213c0e7a574e35e9a4cdc37c905,hash
118,/FALAPE/SETTINGEXTENDED,SETTINGEXTENDED,FALAPE,472,1e28d3d5446060a5f3418b30500db789,hash
119,/MOJIXQA/DISCREPANCY,DISCREPANCY,MOJIXQA,829,1e4c38214bbbe7906b4011122d039dc1,hash
120,/MOJIX/TAGIT_PRINTER,TAGIT_PRINTER,MOJIX,641,1e56950e4c4ba3d130400a9187c86948,hash
121,/MOJIX/ENCODETAGSCONFIGURATION,ENCODETAGSCONFIGURATION,MOJIX,610,1e97ca10a884c87f2c65f7eeec3b32e7,hash
122,/FALAPE/DISCREPANCYLEVEL1,DISCREPANCYLEVEL1,FALAPE,451,1eea9dc2363e27253d193548383930c4,hash
123,/FALACO/WEBVIEW_UPDATEINVENTORY,WEBVIEW_UPDATEINVENTORY,FALACO,405,1ef24b9f04930d464ebf21b95de7a22f,hash
124,/MOJIXC/PRINTER,PRINTER,MOJIXC,741,1f2c4e689fe9743a341b4aab41d9a734,hash
125,/SHOW/SIMULATORCONFIGURATION,SIMULATORCONFIGURATION,SHOW,1037,1f3ae00cba1994fdc688d98074bcbc89,hash
126,/CHIP/BIZSTEP,BIZSTEP,CHIP,201,1fa0462a2ffd79a1b57a6b4b4480d44f,hash
127,/CHIP/STOREATTRIBUTES,STOREATTRIBUTES,CHIP,184,1fed7a45f97ca9887b59ed4e33c32c39,hash
128,/FALA/POECOMMANDANDCONTROL,POECOMMANDANDCONTROL,FALA,328,201256cdf792b90415392b5b6e15fa26,hash
129,/CENT/SIMULATORCONFIGURATION,SIMULATORCONFIGURATION,CENT,133,207d674ce63c4d55f273b08c6a2ed5b0,hash
130,/PE/IDENTIFYITEMCONFIGURATION,IDENTIFYITEMCONFIGURATION,PE,891,20800388c326b65dafe50d6e9383228f,hash
131,/PERN/SETTINGEXTENDED,SETTINGEXTENDED,PERN,996,20b19eaa09e200654f434d956a5c98d7,hash
132,/MOJIXD/SETTINGEXTENDED,SETTINGEXTENDED,MOJIXD,800,20c80a34b63f0c030d221947a2887b47,hash
133,/PE/DISPOSITION,DISPOSITION,PE,885,21062471e8dac6f87d95a41794952647,hash
134,/SHOW/ITEM,ITEM,SHOW,1015,2147c174fa4ee057f5bded428e82b3c5,hash
135,/IKEA/PRODUCTMEDIATOR,PRODUCTMEDIATOR,IKEA,579,2156a957a4d9182c37e90ee425fdf271,hash
136,/MOJIXC/DEFECT,DEFECT,MOJIXC,763,219610693413ca3b9c5d58aa74c7cb10,hash
137,/IKEA/DISCREPANCYLEVEL1,DISCREPANCYLEVEL1,IKEA,555,21a15d094e1eb55f2c016fd5f8f917fa,hash
138,/MOJIXD/CONTENT,CONTENT,MOJIXD,791,21b8113c43037af83558ae0816f5f90a,hash
139,/CHIP/TAGIT_ZPL,TAGIT_ZPL,CHIP,217,21f7514f985ddda40ad16a54ca0f1505,hash
140,/FALAPE/EPCISEVENT,EPCISEVENT,FALAPE,474,220050e3951d37a6a0d42499cd769126,hash
141,/PE/ASSOCIATIONCONFIGURATION,ASSOCIATIONCONFIGURATION,PE,933,222123b0aa90a926998e4eb33350d06d,hash
142,/MOJIXB/DISPOSITION,DISPOSITION,MOJIXB,663,2226014ea991a3b3e7a07d7f829e69bf,hash
143,/PERN/LOOKUPCONFIGURATION,LOOKUPCONFIGURATION,PERN,957,228a1a1bed720b2e306df1d6089805fa,hash
144,/CENT/TAGIT_ZPL,TAGIT_ZPL,CENT,160,22cbe2d8695c2e8d03a2235a7ff3cebc,hash
145,/MOJIXD/SALES,SALES,MOJIXD,795,23660940fa8e5b2a1e25c926a1acd623,hash
146,/TOSCA/SETTINGEXTENDED,SETTINGEXTENDED,TOSCA,1118,23b1d731be4cef358ff1a68635dc435f,hash
147,/CELINE/DAILYSTATS,DAILYSTATS,CELINE,75,24651fd99630a6847cbf07a84551079a,hash
148,/TOSCA/TRANSFERS,TRANSFERS,TOSCA,1115,247f2f06d028246618e964c1d6dee5ce,hash
149,/MOJIXC/PRODUCT,PRODUCT,MOJIXC,717,25269991a8498e5f4829ff48ecc87f66,hash
150,/CELINE/DEPARTMENTZONEMAPPING,DEPARTMENTZONEMAPPING,CELINE,55,2550c202625aa5a8f315e535b11502c0,hash
151,/FALAPE/ITEM,ITEM,FALAPE,440,25734d2e3290dc12beef5a67c9fea290,hash
152,/PE/DEFECT,DEFECT,PE,930,2587de99b2359e922fdaeb0d87173e82,hash
153,/PE/SIMULATORCONFIGURATION,SIMULATORCONFIGURATION,PE,909,25c7b7006baf90fbbacdf43eaa1512fd,hash
154,/CHIP/DD_SHELFSTATUS,DD_SHELFSTATUS,CHIP,186,262f5e6bc140f7f440a4964b3cf45148,hash
155,/FALABELLAPE/DISCREPANCYRULES,DISCREPANCYRULES,FALABELLAPE,348,265774176f966bf0648d0763913415f4,hash
156,/MOJIXQA/CATEGORY,CATEGORY,MOJIXQA,865,268dc8dc454c9ad651a526f7a5477574,hash
157,/MOJIXD/DISCREPANCY,DISCREPANCY,MOJIXD,777,268e37a76f346c5cbc5a2ee2cc138611,hash
158,/FALAPE/LOCATION,LOCATION,FALAPE,464,26e2c6de7ceee26f97b4bf09bde83660,hash
159,/MOJIXQA/DISPOSITION,DISPOSITION,MOJIXQA,819,270c97f84f0ef9904e6618fd251f32c3,hash
160,/MOJIXC/DISPOSITION,DISPOSITION,MOJIXC,715,2723eee6db276bbf6eedc36a9a750160,hash
161,/TOSCA/CONTENT,CONTENT,TOSCA,1109,27664d9fc085cc94fd8c4a6453a8bc42,hash
162,/PE/WEBVIEW_UPDATEINVENTORY,WEBVIEW_UPDATEINVENTORY,PE,923,2770934a65fe7c5ac82341bd1124d3e6,hash
163,/MOJIXC/RAWEPCISEVENT,RAWEPCISEVENT,MOJIXC,759,27cfc9d2543c337c48218de0311b7e3c,hash
164,/FALAPE/DISPOSITION,DISPOSITION,FALAPE,439,280b127622eab1b22858574a3921c1cc,hash
165,/CHIP/PRODUCT,PRODUCT,CHIP,181,2830af2530823de07f2d410000bad883,hash
166,/MOJIXQA/DISCREPANCYEXEC,DISCREPANCYEXEC,MOJIXQA,830,288d5f6162e0b34a898356d9d9fd3fa3,hash
167,/MOJIXB/TAGIT_PRINTER,TAGIT_PRINTER,MOJIXB,702,28b4cb0059f1802c43f8d1f088cf93aa,hash
168,/CENT/RECEIVINGCONFIG,RECEIVINGCONFIG,CENT,169,28c48ba06f0e7eeee1b93b5031b4f125,hash
169,/TOSCA/ATTRIBUTE,ATTRIBUTE,TOSCA,1106,29021b962a3be575d5812e978b9dcea1,hash
170,/FALAPE/ITEMSTATUSESLIFECYCLE,ITEMSTATUSESLIFECYCLE,FALAPE,481,296e01794ada02c7faf41a03c601ac44,hash
171,/TOSCA/SOH,SOH,TOSCA,1089,29ed096c05f5216dbf6226fa79a7c5ff,hash
172,/MOJIX/WEBVIEW_UPDATEINVENTORY,WEBVIEW_UPDATEINVENTORY,MOJIX,647,2a5806490e127eee5589b4397a35a377,hash
173,/FALACO/DISCREPANCY,DISCREPANCY,FALACO,397,2a5d602d485cd5c87e337ff275e3c0de,hash
174,/MOJIXB/DISCREPANCY,DISCREPANCY,MOJIXB,673,2a6e23f37ba05e2bf2f908f9bcd92094,hash
175,/MOJIX/READERCONFIGURATION,READERCONFIGURATION,MOJIX,625,2abc6d53f4187bbf9cb345fe5ebc642a,hash
176,/IKEA/RULE,RULE,IKEA,575,2b0b310c060b96e1f8c0af1d2b71f764,hash
177,/PE/EPCSEQUENCETHING,EPCSEQUENCETHING,PE,888,2b2981e63306f6b2787fdcccba45b7e8,hash
178,/FALABELLAPE/BIZTRANSACTIONTYPE,BIZTRANSACTIONTYPE,FALABELLAPE,358,2b8971d5106c1dd872f06a7845855946,hash
179,/MOJIXQA/DISCREPANCYLEVEL1,DISCREPANCYLEVEL1,MOJIXQA,831,2c2625d350ce440537def98ccbc42c0d,hash
180,/MOJIXC/ATTRIBUTE,ATTRIBUTE,MOJIXC,736,2c77fd815f2caffbbb17d5d37cc6ce63,hash
181,/MOJIX/DEFECT,DEFECT,MOJIX,654,2cc711bfcafce1160d332cfd1e5526ec,hash
182,/IKEA/STOCK,STOCK,IKEA,572,2cd5ece75c14e383aeced2f79662dbcd,hash
183,/CENT/ENCODETAGSCONFIGURATION,ENCODETAGSCONFIGURATION,CENT,127,2ceedb0719fc1a4b2b946d9d2b59aa62,hash
184,/MOJIXD/STARFLEXTAGIT,STARFLEXTAGIT,MOJIXD,810,2d88676b8a597769bce9ab838024cad7,hash
185,/MOJIXB/ITEMSTATUSESLIFECYCLE,ITEMSTATUSESLIFECYCLE,MOJIXB,705,2d8a9df358eee2b9bea48720e8fb5564,hash
186,/MOJIXB/TRANSFERS,TRANSFERS,MOJIXB,693,2d9d4b34af457bdc2fcd4cf0636fc178,hash
187,/MOJIX/BIZSTEP,BIZSTEP,MOJIX,594,2dc53e3c5dd930dc1b82e84e0d2aebd0,hash
188,/MOJIXD/EPCSEQUENCETHING,EPCSEQUENCETHING,MOJIXD,773,2e22a3ce29fae973df3003dafaf739c0,hash
189,/MOJIX/PRODUCT,PRODUCT,MOJIX,623,2ea37a4fd62709ff7b636278b3c32469,hash
190,/FISIA/LOCATION,LOCATION,FISIA,516,2f8054fdb6a2e07ba83f093664ef637e,hash
191,/FALACO/SOHSTREAM,SOHSTREAM,FALACO,403,2f8dc5b1208713f78251a328d14f2b37,hash
192,/PERN/APPPARAMETERSCONFIGURATION,APPPARAMETERSCONFIGURATION,PERN,1003,2f98b19996533963ccff56c7399b304d,hash
193,/IKEA/SETTINGEXTENDED,SETTINGEXTENDED,IKEA,576,2fb665a5106dc0ce80772230ac6c94ae,hash
194,/BEWI/DISCREPANCY,DISCREPANCY,BEWI,13,2fb9ddf60b8b437ec6d51118bf1579b8,hash
195,/PE/REFERENCELIST,REFERENCELIST,PE,902,2fcfd42b6660cb4819f736188b73c62f,hash
196,/CSU/STOCK,STOCK,CSU,260,2fd4c2e6e3fd30dc9b4a03843775a7c8,hash
197,/CENT/FINDITEMCONFIGURATION,FINDITEMCONFIGURATION,CENT,128,3081e4a008f8b2597f010b1a39cc0aa3,hash
198,/CENT/PRINTER,PRINTER,CENT,148,309109bf2c1e6d5689f70caa2df14f37,hash
199,/MOJIXQA/ITEM,ITEM,MOJIXQA,820,30bb36378ff8c5d08947f2843b2ae528,hash
200,/MOJIXC/SOH,SOH,MOJIXC,719,30f6ff644124ec3e404fba01d5a19a6d,hash
201,/MOJIXD/DEFECT,DEFECT,MOJIXD,815,319f123326abb89ff93b90543553ae0b,hash
202,/TOSCA/BIZSTEP,BIZSTEP,TOSCA,1107,31a9335cab2f7914728d34116a8d1412,hash
203,/MOJIXB/TAGCOMMISSIONAPPCONFIG,TAGCOMMISSIONAPPCONFIG,MOJIXB,703,31d425901e7e45ff77402d0676db8536,hash
204,/FALABELLAPE/STOREATTRIBUTES,STOREATTRIBUTES,FALABELLAPE,340,324878febe61f2ebfbd2cacaff9e9dce,hash
205,/PE/SETTING,SETTING,PE,908,32881e6643e863cdbd58552431b4bb84,hash
206,/TOSCA/DD_SORTORDER,DD_SORTORDER,TOSCA,1094,32be45504a9674957216afebd937d378,hash
207,/MOJIXB/REFERENCELIST,REFERENCELIST,MOJIXB,690,32e78db2f6051a2f85f55bd6160aac70,hash
208,/IKEA/WEBVIEW_UPDATEINVENTORY,WEBVIEW_UPDATEINVENTORY,IKEA,561,330c28b2c6d976f3a5aa81def8364c36,hash
209,/FISIA/SETTINGEXTENDED,SETTINGEXTENDED,FISIA,524,330f0f72ed2879062d7accd6335b71c3,hash
210,/PERN/RETAILPRODUCT2ITEMMAPPING,RETAILPRODUCT2ITEMMAPPING,PERN,940,333f14b19c8a2754d4e28e7f88a81da8,hash
211,/FALAPE/LIGHTBUZZERCONFIG,LIGHTBUZZERCONFIG,FALAPE,459,33728425062b773051b7cda48731d7d4,hash
212,/FALACO/LOCATION,LOCATION,FALACO,412,33a040f7932b46e0dd51bd259b5edb6c,hash
213,/MOJIXD/THINGTYPECRF,THINGTYPECRF,MOJIXD,784,33bcef48efcdd8bbe77ad1bfa93da41a,hash
214,/CHIP/PRINTER,PRINTER,CHIP,205,342bd2796fec26750829c607ae735ccb,hash
215,/TOSCA/RULE,RULE,TOSCA,1117,3432ddd6be0a19787744de7d48fe6b7a,hash
216,/FALAPE/CONTENT,CONTENT,FALAPE,463,345a1497cfa3fd88c78e40fb88c9d662,hash
217,/PE/ITEMSTATUSESLIFECYCLE,ITEMSTATUSESLIFECYCLE,PE,894,353acb3276546cea45d132fcebcd234a,hash
218,/FISIA/DISPOSITION,DISPOSITION,FISIA,491,356b8dc8909a99568d5e80acb7f868c5,hash
219,/CELINE/POECOMMANDANDCONTROL,POECOMMANDANDCONTROL,CELINE,101,35aa36cf46bdbfdfa2a4c6df964bf7a4,hash
220,/CELINE/DD_SHELFSTATUS,DD_SHELFSTATUS,CELINE,63,35fc02982989f037fbf22969b294f0ee,hash
221,/FISIA/PRINTER,PRINTER,FISIA,517,363ecb3b54bb23815e96896caf6cd069,hash
222,/CENT/EPCSEQUENCETHING,EPCSEQUENCETHING,CENT,114,366ecd0aafeb4616d25dfea597db3a92,hash
223,/FALABELLAPE/SALES,SALES,FALABELLAPE,363,36c6ae1240e19bf4c5d4c7db59c02936,hash
224,/CELINE/TAGCOMMISSIONAPPCONFIG,TAGCOMMISSIONAPPCONFIG,CELINE,96,36c8615cc64ada40de3911d98ddb44ff,hash
225,/CENT/WEBVIEW_UPDATEINVENTORY,WEBVIEW_UPDATEINVENTORY,CENT,139,380edc8c814e7184516431fbd0e2398c,hash
226,/BEWI/REFERENCELIST,REFERENCELIST,BEWI,30,3891148166d80e8cafc6607d7b9d78df,hash
227,/CENT/READERCONFIGURATION,READERCONFIGURATION,CENT,131,389a9ba7d3a0af273cd78115bb5281da,hash
228,/PE/PRINTER,PRINTER,PE,898,38b434590f747fe7552384d71d6d39d7,hash
229,/MOJIXB/CATEGORY,CATEGORY,MOJIXB,709,391878f47d0d2d67e37befff25d83d5a,hash
230,/MOJIXD/ITEMSTATUSESLIFECYCLE,ITEMSTATUSESLIFECYCLE,MOJIXD,809,396f4291e109234e068d241f3910e02e,hash
231,/SHOW/STORE,STORE,SHOW,1040,39909126a557b5698988105e9b3ebe0b,hash
232,/PE/UNASSOCIATEDCONFIGURATION,UNASSOCIATEDCONFIGURATION,PE,921,39be47fea799d848859765ed11703334,hash
233,/TOSCA/DAILYSTATS,DAILYSTATS,TOSCA,1104,39fa08fa397b6b35a99044851a93fc6e,hash
234,/FALACO/CONTENT,CONTENT,FALACO,411,3a16ded899be92f523680e08f2dd9d8b,hash
235,/FISIA/ITEMSTATUSESLIFECYCLE,ITEMSTATUSESLIFECYCLE,FISIA,533,3a172771221525281526fa4dfaafb0ae,hash
236,/FALAPE/DD_SHELFSTATUS,DD_SHELFSTATUS,FALAPE,446,3a3b57316355b3160b40b046eede3f43,hash
237,/MOJIX/CYCLECOUNTCONFIGURATION,CYCLECOUNTCONFIGURATION,MOJIX,599,3a4973efd639c69fa53bb51d00d989c1,hash
238,/MOJIXQA/SALES,SALES,MOJIXQA,847,3a6e751698356d7a7ba37c32565fe65a,hash
239,/SHOW/CATEGORY,CATEGORY,SHOW,1075,3a7c6eccffd31c9353a0af6c93f1250a,hash
240,/CSU/EPCSEQUENCETHING,EPCSEQUENCETHING,CSU,237,3ad44abd7c41ccaf3b6efc607a899b74,hash
241,/TOSCA/STOCK,STOCK,TOSCA,1114,3b1835fb94039ae45c376af9bef54fae,hash
242,/MOJIXB/DISCREPANCYEXEC,DISCREPANCYEXEC,MOJIXB,674,3b6576ec5ada6d494cd614b9554dc9e9,hash
243,/FALA/PRINTER,PRINTER,FALA,309,3b80b1d24a46f4654e2d91612795f29f,hash
244,/PERN/STARFLEXTAGIT,STARFLEXTAGIT,PERN,991,3bb43687a2db7348cffd9c5bc574ee93,hash
245,/TOSCA/DEPARTMENTZONEMAPPING,DEPARTMENTZONEMAPPING,TOSCA,1084,3bb800d3fa56027de57d3b114af0fbd1,hash
246,/IKEA/POECOMMANDANDCONTROL,POECOMMANDANDCONTROL,IKEA,588,3bd6e379f0dc3c20882fbb32e330171d,hash
247,/PE/DEPARTMENTZONEMAPPING,DEPARTMENTZONEMAPPING,PE,880,3be21383008158ac3bd9c7407d3b9fd2,hash
248,/CELINE/DISPOSITION,DISPOSITION,CELINE,56,3bea5fa25357667f7d2d412c480d52af,hash
249,/IKEA/RAWEPCISEVENT,RAWEPCISEVENT,IKEA,587,3c4cfe148d31193ea6f09a10684c977f,hash
250,/TOSCA/SOHSTREAM,SOHSTREAM,TOSCA,1101,3d49b514c56389def63035d3fbc8e6e3,hash
251,/MOJIXQA/FIXTURE,FIXTURE,MOJIXQA,850,3d98d8fe342ac89d28915d59f4b1971b,hash
252,/CELINE/THINGTYPECRF,THINGTYPECRF,CELINE,73,3e2a0a7c58e52d44077f2a4532b72059,hash
253,/FALAPE/DISCREPANCYEXEC,DISCREPANCYEXEC,FALAPE,450,3ede17cab7880b371f4dd31a392b8594,hash
254,/PE/SETTINGEXTENDED,SETTINGEXTENDED,PE,928,3f1d363011bc68fa8393e6bfb352671a,hash
255,/IKEA/DISPOSITION,DISPOSITION,IKEA,543,3fdec63511fe0475c89f070f8d1a9e2d,hash
256,/FALACO/BIZTRANSACTIONTYPE,BIZTRANSACTIONTYPE,FALACO,410,401ae8281236146e6bfd8db9bd0c717d,hash
257,/CENT/TAGIT_PRINTER,TAGIT_PRINTER,CENT,161,404fd4004505e3bf584bea8e9cc9a955,hash
258,/PERN/DD_SHELFSTATUS,DD_SHELFSTATUS,PERN,944,41062635269a2984f65a4d9efa5fae5a,hash
259,/MOJIXQA/RETAILPRODUCT2ITEMMAPPING,RETAILPRODUCT2ITEMMAPPING,MOJIXQA,822,41dcc1f722420217e92c135abe73703e,hash
260,/FALAPE/THINGTYPECRF,THINGTYPECRF,FALAPE,456,421a3a0fc30a5140edd5c09e4d3136c2,hash
261,/FISIA/PRODUCT,PRODUCT,FISIA,493,42736a7e53dc45ad2df4f78443446a57,hash
262,/vizixMongoDB,vizixMongoDB,ROOT,1009,43034da893aaac3e83ddd12f99cdf45b,hash
263,/CENT/SETTING,SETTING,CENT,155,43206d740ef78a4002db5a06713cf0c0,hash
264,/BEWI/LIGHTBUZZERCONFIG,LIGHTBUZZERCONFIG,BEWI,23,43b57ff3b21abb581b1885806b3e250f,hash
265,/CELINE/RETAILCONFIGURATION,RETAILCONFIGURATION,CELINE,70,43e803aa74ceda968520243f52906555,hash
266,/CHIP/ITEM,ITEM,CHIP,180,44169642a5d1be03d85e68c861ce7846,hash
267,/MOJIXD/ATTRIBUTE,ATTRIBUTE,MOJIXD,788,441a98fc645b9f1e64d52d6f423537bc,hash
268,/CSU/PRODUCT,PRODUCT,CSU,233,446143227330fe59a1c965334fc70f6c,hash
269,/FALAPE/STORE,STORE,FALAPE,454,44820cabbe0d48ae7bb586bf025c9ee2,hash
270,/PE/TAGIT_ZPL,TAGIT_ZPL,PE,918,451592d546035ef5c787a9eee0079b94,hash
271,/TOSCA/DISPOSITION,DISPOSITION,TOSCA,1085,451c991cbd2dcb97416a44c3bfa7f3fd,hash
272,/FALAPE/RAWEPCISEVENT,RAWEPCISEVENT,FALAPE,483,45274f4436b2b8340a516f09bd70bdb5,hash
273,/CSU/DD_SORTORDER,DD_SORTORDER,CSU,240,45aa7b15dad988954f167f9e4a33ef7e,hash
274,/CHIP/SOH,SOH,CHIP,183,45d655c6f4cdf90a5a60029a0d42ebcd,hash
275,/BEWI/VIZIXEVENTFLAGS,VIZIXEVENTFLAGS,BEWI,40,46020adbedd85e191d3fe8e398e3097a,hash
276,/MOJIXD/DISCREPANCYEXEC,DISCREPANCYEXEC,MOJIXD,778,460eadd97c15b7175d0b421b44a5dc37,hash
277,/FISIA/ITEM,ITEM,FISIA,492,462e0f9eae1c7d1aad4935af0b5e99e1,hash
278,/MOJIXQA/STOCK,STOCK,MOJIXQA,848,464cb4bd6359d0cc402dcb95064c4ae4,hash
279,/FALAPE/STOREATTRIBUTES,STOREATTRIBUTES,FALAPE,444,466ba5c741e001833934adae3e7c3fb5,hash
280,/BEWI/EPCSEQUENCETHING,EPCSEQUENCETHING,BEWI,9,467a70ba5f2ca54af63f0c5814b18c87,hash
281,/MOJIXB/DD_SORTORDER,DD_SORTORDER,MOJIXB,672,46d1f2af8b879a09711f46c1a976f358,hash
282,/edgeBridge,edgeBridge,ROOT,1007,46fff2eb3e1275d34b684aecdc5df3ea,hash
283,/CENT/CATEGORY,CATEGORY,CENT,145,473417d69fa214703023c182eeb36bfb,hash
284,/FALAPE/PRODUCT,PRODUCT,FALAPE,441,4739be44918334c1d01c0cc7ccaf9abd,hash
285,/PE/TAGCOMMISSIONAPPCONFIG,TAGCOMMISSIONAPPCONFIG,PE,916,478f8d65f9e260f4e44f283b8a3c8cf2,hash
286,/BEWI/ATTRIBUTE,ATTRIBUTE,BEWI,24,479b571da7d7b466165fc246784b9853,hash
287,/PERN/PRINTER,PRINTER,PERN,974,47b4fbcaef169a3e16d11989c23210d3,hash
288,/CSU/PART,PART,CSU,278,47b9958353a89aaef541494ec6963e17,hash
289,/MOJIXB/ITEMFINALSTATUS,ITEMFINALSTATUS,MOJIXB,697,47d34022d6b713e7921a329444f80e65,hash
290,/CSU/SALES,SALES,CSU,259,481a40b427c52590f2c1e399690d205b,hash
291,/MOJIXD/WEBVIEW_UPDATEINVENTORY,WEBVIEW_UPDATEINVENTORY,MOJIXD,785,4893400db99a5acf27e761ff0368b99f,hash
292,/CENT/BIZSTEP,BIZSTEP,CENT,143,49146993728a49242e9815bb979a8053,hash
293,/MOJIXC/DISCREPANCYLEVEL1,DISCREPANCYLEVEL1,MOJIXC,727,4925a57f23a3cff9b16922b3a4ba524b,hash
294,/CHIP/ITEMSTATUSESLIFECYCLE,ITEMSTATUSESLIFECYCLE,CHIP,221,4938783545fa4c27cfb6facc0c8b5a92,hash
295,/CSU/RAWEPCISEVENT,RAWEPCISEVENT,CSU,275,4943b27b7171230a72b81c7c50400385,hash
296,/CELINE/DD_SORTBY,DD_SORTBY,CELINE,64,49546bf24a958182e3c1c9dbb45af553,hash
297,/FISIA/CATEGORY,CATEGORY,FISIA,537,496783a287c8ac35587ac27dfa074079,hash
298,/FALA/PRODUCTMEDIATOR,PRODUCTMEDIATOR,FALA,319,49752ea6a91977e142aa94140b23e80e,hash
299,/TOSCA/DISCREPANCYLEVEL1,DISCREPANCYLEVEL1,TOSCA,1097,49b82a19d8c5c4fdf7c6fed9868cdce7,hash
300,/CELINE/RULE,RULE,CELINE,88,49bcf9a555107215e429510fedd467c1,hash
301,/FISIA/SALES,SALES,FISIA,519,4a5a819a65c13d2a953de2fdc6cfdc7a,hash
302,/FISIA/ATTRIBUTE,ATTRIBUTE,FISIA,512,4abb3de87f5a39497009dab31f8bac90,hash
303,/FALACO/DISCREPANCYLEVEL1,DISCREPANCYLEVEL1,FALACO,399,4ac7818bc25dc07fbfcdc4e0f8a13726,hash
304,/MOJIXC/BIZSTEP,BIZSTEP,MOJIXC,737,4b0fd36cc1563e30f4527b10ed7f917d,hash
305,/PERN/DD_SORTORDER,DD_SORTORDER,PERN,946,4b358f2ff6f65afb57c67cd08f245259,hash
306,/MOJIXB/SALES,SALES,MOJIXB,691,4b8a3f19b13e5663fcb7d04ffe766b43,hash
307,/MOJIX/DD_SORTORDER,DD_SORTORDER,MOJIX,603,4c1e422dc52fde6783ce4cbb11e1f4aa,hash
308,/MOJIXQA/TAGCOMMISSIONAPPCONFIG,TAGCOMMISSIONAPPCONFIG,MOJIXQA,859,4c6a284ef062620512a03e1b36e09d7f,hash
309,/CSU/ATTRIBUTE,ATTRIBUTE,CSU,252,4c7ca1ee8ca5d0ece59e97e9fbb725ac,hash
310,/PE/CONTENT,CONTENT,PE,874,4caaeddafd24633c8837830e68c92cbd,hash
311,/FALACO/SETTINGEXTENDED,SETTINGEXTENDED,FALACO,420,4cdda9378d2f4d534798a9efc1cab9c9,hash
312,/MOJIXD/TAGIT_ZPL,TAGIT_ZPL,MOJIXD,805,4cf1c26fb739718949190add8776adfc,hash
313,/CENT/DISCREPANCYRULES,DISCREPANCYRULES,CENT,121,4d3f22ee407435a099fb0a37fe5cd21a,hash
314,/CSU/DAILYSTATS,DAILYSTATS,CSU,250,4d5634eefb22e3dccb923cc9020d0436,hash
315,/CELINE/ATTRIBUTE,ATTRIBUTE,CELINE,77,4d8ffbfe37f5f0010c1cf9d964bfca5a,hash
316,/MOJIXQA/WEBVIEW_UPDATEINVENTORY,WEBVIEW_UPDATEINVENTORY,MOJIXQA,837,4da4b887815627fe082d70c29e5daf42,hash
317,/FALABELLAPE/TAGIT_PRINTER,TAGIT_PRINTER,FALABELLAPE,374,4dab41e0344ed970226a97250441fa5b,hash
318,/CENT/ITEM,ITEM,CENT,109,4db901560787644db66ce68e6f053ff0,hash
319,/MOJIXD/DISCREPANCYRULES,DISCREPANCYRULES,MOJIXD,780,4dc5081789265cb9261a2ed0769e9790,hash
320,/CENT/DD_SHELFSTATUS,DD_SHELFSTATUS,CENT,115,4e2dcf3e76da3ce36982e821c747a479,hash
321,/SHOW/RETAILPRODUCT2ITEMMAPPING,RETAILPRODUCT2ITEMMAPPING,SHOW,1017,4e53128c3497c7ff2615f20e75f3c1eb,hash
322,/PERN/CYCLECOUNTCONFIGURATION,CYCLECOUNTCONFIGURATION,PERN,953,4eefd892408d7e1e345ab9639d0b6f18,hash
323,/FALAPE/SOHSTREAM,SOHSTREAM,FALAPE,455,4f1be72f2658c86ccf461cf198a1dc61,hash
324,/FALA/ATTRIBUTE,ATTRIBUTE,FALA,304,4f2d47bdb5d79b8869d35e388cf7175d,hash
325,/SHOW/LOCATION,LOCATION,SHOW,1050,4f88971517ab2bab184fd20d75eff539,hash
326,/FISIA/VIZIXEVENTFLAGS,VIZIXEVENTFLAGS,FISIA,528,4f975c30032c9f350a4efe5df8d42078,hash
327,/BEWI/SALES,SALES,BEWI,31,4f9dcdf1f4178828f49958e5fbd688cb,hash
328,/CELINE/RAWEPCISEVENT,RAWEPCISEVENT,CELINE,100,4fa21123520c243a7c273f696032548b,hash
329,/FALAPE/TAGIT_ZPL,TAGIT_ZPL,FALAPE,477,4fd2917bc0767140e52f61005b86ca47,hash
330,/SHOW/STOCK,STOCK,SHOW,1054,4fe9cbc5b156f2d33d5df35c6106516b,hash
331,/FALABELLAPE/PRINTER,PRINTER,FALABELLAPE,361,4ff9de39f1e45258f9078f05758adab2,hash
332,/MOJIXC/ITEMFINALSTATUS,ITEMFINALSTATUS,MOJIXC,749,502c6dc2104ae8a39daec1be4003dac3,hash
333,/MOJIXD/REFERENCELIST,REFERENCELIST,MOJIXD,794,509aacdb30bcc5aa47a9a711995b9d21,hash
334,/MOJIXQA/DD_SHELFSTATUS,DD_SHELFSTATUS,MOJIXQA,826,50c994937231c4c30c2b4f80589c396f,hash
335,/CENT/THINGTYPECRF,THINGTYPECRF,CENT,138,50ec704a3b7562d5498cbac8c35581b6,hash
336,/FALABELLAPE/DISPOSITION,DISPOSITION,FALABELLAPE,335,514b3f250784db139a1d2c48c616b2a9,hash
337,/MOJIXD/STORE,STORE,MOJIXD,782,5151ad24c16214dcc90fea48004bf83e,hash
338,/PERN/EPCSEQUENCETHING,EPCSEQUENCETHING,PERN,943,51899c4a0b661bbbd165a3c4770950fe,hash
339,/SHOW/DD_SORTBY,DD_SORTBY,SHOW,1022,51ed949387ead00f9e760ed6f714f23d,hash
340,/TOSCA/WEBVIEW_UPDATEINVENTORY,WEBVIEW_UPDATEINVENTORY,TOSCA,1103,51fa2907abfa5e6d9da7f0c2c684ec18,hash
341,/PERN/SIMULATORCONFIGURATION,SIMULATORCONFIGURATION,PERN,960,5221177251cb25e7b5c995ea8172eedb,hash
342,/SHOW/PRODUCT,PRODUCT,SHOW,1016,52afc32c49840ef5dbb75f0dc1404c61,hash
343,/FISIA/STARFLEXTAGIT,STARFLEXTAGIT,FISIA,534,53cfee73f4ed3f3fc6915c8f422ad40f,hash
344,/CHIP/SETTINGEXTENDED,SETTINGEXTENDED,CHIP,212,53e4a8bb8eee862fd9e563e25433fafa,hash
345,/BEWI/POECOMMANDANDCONTROL,POECOMMANDANDCONTROL,BEWI,48,5411bc57321b5206b0cf1750f353b853,hash
346,/FALACO/LIGHTBUZZERCONFIG,LIGHTBUZZERCONFIG,FALACO,407,543d2441074701ba9ec858013f2c6cea,hash
347,/MOJIX/FIXTURE,FIXTURE,MOJIX,614,5445f9d5c944886e5c0a2ceae1dae3b7,hash
348,/CSU/STORE,STORE,CSU,246,54539f99ffebdeb9d2195d3b38f575c3,hash
349,/FALACO/EPCSEQUENCETHING,EPCSEQUENCETHING,FALACO,393,5454939fc476d7f1b740398f87e7111e,hash
350,/MOJIXD/DAILYSTATS,DAILYSTATS,MOJIXD,786,559e45340f609cd134ea915775b896cc,hash
351,/PERN/STOREATTRIBUTES,STOREATTRIBUTES,PERN,942,55f727c90fa7e7d7c80cabd59c9460bf,hash
352,/FISIA/RULE,RULE,FISIA,523,564ee2660f1625e56b4be9c37af4bdcb,hash
353,/PE/APPPARAMETERSCONFIGURATION,APPPARAMETERSCONFIGURATION,PE,932,5656c1cc2600471cfa7d67a48d8e4b5b,hash
354,/MOJIXB/CONTENT,CONTENT,MOJIXB,687,5669d8d48c21a44c227451ceb620d1c6,hash
355,/MOJIX/IDENTIFYITEMCONFIGURATION,IDENTIFYITEMCONFIGURATION,MOJIX,615,5686faabc11d8c82e12fb3701e129a4c,hash
356,/FALA/DISCREPANCYEXEC,DISCREPANCYEXEC,FALA,294,569c8a60ae28953a07ea37e696e020e2,hash
357,/TOSCA/RAWEPCISEVENT,RAWEPCISEVENT,TOSCA,1129,56e6f553c3c1f5b3816fc6cdbf4f56cf,hash
358,/PE/ITEM,ITEM,PE,892,56ed97e5f70efe87c6046ba1d9e06977,hash
359,/MOJIXC/ITEMSTATUSESLIFECYCLE,ITEMSTATUSESLIFECYCLE,MOJIXC,757,56ef90b594db89932fd0c4a052a5a949,hash
360,/CHIP/SOHSTREAM,SOHSTREAM,CHIP,195,5775c23e6c738bf1a91dfc4c0d1ceba1,hash
361,/SHOW/DISCREPANCY,DISCREPANCY,SHOW,1024,57a808501778259072096e70ae4d3144,hash
362,/FALABELLAPE/DAILYSTATS,DAILYSTATS,FALABELLAPE,354,57cc6bc57509a8a0f93ab6006d496789,hash
363,/SHOW/LIGHTBUZZERCONFIG,LIGHTBUZZERCONFIG,SHOW,1045,57f6b0b7f949d695a04692b8e8a6867a,hash
364,/FALA/PART,PART,FALA,330,58336341844b3f4144f7dcf56bf11f3a,hash
365,/FISIA/DISCREPANCY,DISCREPANCY,FISIA,501,584439fe7c7bc258fc3c97f1e68ffd2b,hash
366,/TOSCA/DISCREPANCYRULES,DISCREPANCYRULES,TOSCA,1098,5874d280b9844d633010e0286b754208,hash
367,/FALACO/TAGCOMMISSIONAPPCONFIG,TAGCOMMISSIONAPPCONFIG,FALACO,427,5887916d608886358c0abce1d4cec90e,hash
368,/MOJIXB/PRODUCTMEDIATOR,PRODUCTMEDIATOR,MOJIXB,699,58a7e789191b5c4274ba8467aeefd197,hash
369,/BEWI/TRANSFERS,TRANSFERS,BEWI,33,5908f1bec97f963588ef03ca08beeb3e,hash
370,/BEWI/TAGIT_ZPL,TAGIT_ZPL,BEWI,41,59355e13a58519b9103764953ceea909,hash
371,/PERN/CONFIGURATIONTHING,CONFIGURATIONTHING,PERN,952,5950b3de56cd15748fc1038205702d05,hash
372,/MOJIXD/STOCK,STOCK,MOJIXD,796,59787036a7a48f700f13789fab39ce10,hash
373,/MOJIXC/ITEM,ITEM,MOJIXC,716,59800d5aebd3f517a0cbf03121889159,hash
374,/PERN/FIXTURE,FIXTURE,PERN,979,59c8c76fb04fa63221ce7710ed1dc336,hash
375,/PERN/ASSOCIATIONCONFIGURATION,ASSOCIATIONCONFIGURATION,PERN,1004,59e66fad767e8b7232082883ca79fd6a,hash
376,/MOJIX/DISCREPANCYEXEC,DISCREPANCYEXEC,MOJIX,606,59f372c9ce2f7a1280b01369a385dad6,hash
377,/CHIP/EPCSEQUENCETHING,EPCSEQUENCETHING,CHIP,185,5a4d0c8f6946c5728c3264102d40555b,hash
378,/FISIA/DISCREPANCYEXEC,DISCREPANCYEXEC,FISIA,502,5a565c0538422221e63bb2ac179c7893,hash
379,/MOJIXC/DISCREPANCY,DISCREPANCY,MOJIXC,725,5a63b69a86fb72d7364bffe0aa6d4794,hash
380,/MOJIX/SIMULATORCONFIGURATION,SIMULATORCONFIGURATION,MOJIX,633,5a8e68dacdc16db96d5ee3e977b5a391,hash
381,/CELINE/DD_SORTORDER,DD_SORTORDER,CELINE,65,5acf47bdaf1804cad08bbfd940a03fa4,hash
382,/FALABELLAPE/DISCREPANCYLEVEL1,DISCREPANCYLEVEL1,FALABELLAPE,347,5afcc830c24ec700791cf7fc4fb07845,hash
383,/MOJIXB/SETTINGEXTENDED,SETTINGEXTENDED,MOJIXB,696,5bc75da5a6c708b42142bd0f34c7c753,hash
384,/TOSCA/CATEGORY,CATEGORY,TOSCA,1131,5bcaa6b7e47975f459c33a3ad1dc9697,hash
385,/PERN/ASSET,ASSET,PERN,989,5bde520bdd61bd8c574f8e223f0e040a,hash
386,/FALA/CATEGORY,CATEGORY,FALA,329,5be56a2123e4a8a9a5b733df3849b016,hash
387,/PERN/TRANSFERS,TRANSFERS,PERN,978,5bf7050fb043113b39bd7010de61b966,hash
388,/FALAPE/STOCK,STOCK,FALAPE,468,5c33c92f00180412b5c2a1bce715855a,hash
389,/MOJIXB/RAWEPCISEVENT,RAWEPCISEVENT,MOJIXB,707,5c40fa6a3c0aef71e1c6e3bf44eb5a1a,hash
390,/CELINE/ITEMFINALSTATUS,ITEMFINALSTATUS,CELINE,90,5c50dfe2935c837683c303017491888d,hash
391,/SHOW/LOOKUPCONFIGURATION,LOOKUPCONFIGURATION,SHOW,1034,5c7f91bc840fa683abe8d12467a9925c,hash
392,/MOJIXQA/ITEMSTATUSESLIFECYCLE,ITEMSTATUSESLIFECYCLE,MOJIXQA,861,5ce3945f6dad135691bc0c4055d1a5ca,hash
393,/IKEA/PRODUCT,PRODUCT,IKEA,545,5d01608f4480f986525e019e03c57e1b,hash
394,/FALACO/TRANSFERS,TRANSFERS,FALACO,417,5e4b32745e4ce67e5cd2884711e0fea2,hash
395,/IKEA/DISCREPANCYRULES,DISCREPANCYRULES,IKEA,556,5ea0c7d7aa6968c148dc62f5217d2e0a,hash
396,/MOJIXQA/STOREATTRIBUTES,STOREATTRIBUTES,MOJIXQA,824,5edd01f32bfd208cbd36f32d8f06d34c,hash
397,/FALAPE/ITEMFINALSTATUS,ITEMFINALSTATUS,FALAPE,473,5f5d17f3e1c647ada2a5c2128e5f76eb,hash
398,/SHOW/PART,PART,SHOW,1076,5f722abf9dedabe8ad6d13570cbad061,hash
399,/MOJIXD/STOREATTRIBUTES,STOREATTRIBUTES,MOJIXD,772,5fc62802f7e6ff2b88e0007d762c9cf4,hash
400,/SHOW/RETAILCONFIGURATION,RETAILCONFIGURATION,SHOW,1039,5fed9f2dec666750f2d3be8c53e26ee0,hash
401,/PE/STARFLEXTAGIT,STARFLEXTAGIT,PE,912,60048b4c2d6fbaedc670440b331bdad8,hash
402,/SHOW/READERCONFIGURATION,READERCONFIGURATION,SHOW,1035,600b2d949939327083567c497f1e9483,hash
403,/CENT/FIXTURE,FIXTURE,CENT,153,60105228df8b187e97ea37df7ef7c549,hash
404,/MOJIXC/TAGIT_ZPL,TAGIT_ZPL,MOJIXC,753,601920bcd72f2d17189aba0cba8646d5,hash
405,/CENT/TAGCOMMISSIONAPPCONFIG,TAGCOMMISSIONAPPCONFIG,CENT,162,601a72ba44efa8a356d1afc187c66e1f,hash
406,/MOJIXD/POECOMMANDANDCONTROL,POECOMMANDANDCONTROL,MOJIXD,812,60305bf2ebc2dfad7c7556f52bd578ce,hash
407,/IKEA/DD_SORTBY,DD_SORTBY,IKEA,551,611562d98c31e49b7afb64e63f59fb2f,hash
408,/CENT/PARTIALCOUNTCONFIGURATION,PARTIALCOUNTCONFIGURATION,CENT,175,612ff5b93f80186b73d49686f7e67d7c,hash
409,/PERN/LOCATION,LOCATION,PERN,973,61a147e4d9ccb373be168f8580e92a79,hash
410,/CELINE/RETAILPRODUCT2ITEMMAPPING,RETAILPRODUCT2ITEMMAPPING,CELINE,59,61c781b47b76961e87a52bca22477046,hash
411,/MOJIX/SALES,SALES,MOJIX,631,62a6403be015236d07688a7df13af61e,hash
412,/MOJIXB/ASSET,ASSET,MOJIXB,704,62b8c58895e578b4b9c6a337f935155d,hash
413,/CSU/TRANSFERS,TRANSFERS,CSU,261,62dd35861a56898db73bbfc48faa6966,hash
414,/CENT/STORE,STORE,CENT,136,6306c1f210aa4de4ce46ec54f8bc5de8,hash
415,/SHOW/PRINTER,PRINTER,SHOW,1051,63337720af8f160d4c2400829bd18614,hash
416,/FISIA/BIZSTEP,BIZSTEP,FISIA,513,633f6d0a5a902931af2504132d15b25b,hash
417,/CENT/UNASSOCIATEDCONFIGURATION,UNASSOCIATEDCONFIGURATION,CENT,134,6362bb61fa7825eea140f2e7f69fb0b1,hash
418,/TOSCA/RETAILPRODUCT2ITEMMAPPING,RETAILPRODUCT2ITEMMAPPING,TOSCA,1088,639a14eff95ea7038aaf6751fb729876,hash
419,/FALABELLAPE/TAGIT_ZPL,TAGIT_ZPL,FALABELLAPE,373,640f6f0b790ff7234a339a54468f370d,hash
420,/FALAPE/SOH,SOH,FALAPE,443,641f2763b546405299f7725085c2e29a,hash
421,/CENT/STOCK,STOCK,CENT,151,6424673f934a438e1e640028a21e83bb,hash
422,/FISIA/PART,PART,FISIA,538,64251e4c139420cdee2a3c9ec2be5632,hash
423,/CSU/THINGTYPECRF,THINGTYPECRF,CSU,248,64606aeb639f2a1e7325b0db03230c69,hash
424,/FALACO/DEPARTMENTZONEMAPPING,DEPARTMENTZONEMAPPING,FALACO,386,64b7d80552fd6df39f0e6af9e2105dd2,hash
425,/SHOW/INVENTORYCONFIGURATIONTHING,INVENTORYCONFIGURATIONTHING,SHOW,1070,64f02fcf2a0ab829cf7a9e65d9051ddc,hash
426,/SHOW/TAGCOMMISSIONAPPCONFIG,TAGCOMMISSIONAPPCONFIG,SHOW,1066,655056cca53ea402125ded7816b11382,hash
427,/CENT/POECOMMANDANDCONTROL,POECOMMANDANDCONTROL,CENT,171,655bc3b0aa078aafa7382a9f0ed3fda4,hash
428,/MOJIX/TAGCOMMISSIONAPPCONFIG,TAGCOMMISSIONAPPCONFIG,MOJIX,640,660237c9687f878986bfc35cfa97940b,hash
429,/MOJIXD/PRODUCTMEDIATOR,PRODUCTMEDIATOR,MOJIXD,803,660fa7b9a98232b52650739166afc802,hash
430,/FALAPE/BIZTRANSACTIONTYPE,BIZTRANSACTIONTYPE,FALAPE,462,662fe04b6ccbf63381f02b30f2034645,hash
431,/TOSCA/TAGIT_PRINTER,TAGIT_PRINTER,TOSCA,1124,66406382e7b8ce66546a867aa3ab3e1c,hash
432,/CSU/DEFECT,DEFECT,CSU,279,66647c99d640a11ddcac74f81b8ab194,hash
433,/MOJIX/LIGHTBUZZERCONFIG,LIGHTBUZZERCONFIG,MOJIX,619,66b118cf4b949d1525b94893c5e51d57,hash
434,/IKEA/DEPARTMENTZONEMAPPING,DEPARTMENTZONEMAPPING,IKEA,542,66ed3cb178ef553ee71d399532398ac3,hash
435,/CHIP/RULE,RULE,CHIP,211,674a85bbb2aadec2ecdfb160797692fe,hash
436,/MOJIXC/PRODUCTMEDIATOR,PRODUCTMEDIATOR,MOJIXC,751,683a8edd4b9c795c114c8d229065f418,hash
437,/FALA/LIGHTBUZZERCONFIG,LIGHTBUZZERCONFIG,FALA,303,68db2f071dcdd81d62c4afe56a81116d,hash
438,/CHIP/STORE,STORE,CHIP,194,690b66a3d7880405349204ade82ff1ee,hash
439,/CHIP/RETAILPRODUCT2ITEMMAPPING,RETAILPRODUCT2ITEMMAPPING,CHIP,182,691d362d182b33b14c00d77fe349b9f5,hash
440,/IKEA/SALES,SALES,IKEA,571,692dd6987ec0ed92831df8960c2d4744,hash
441,/PE/CATEGORY,CATEGORY,PE,927,69872098c99dbda357176dd8d8cf4e10,hash
442,/FALA/RETAILPRODUCT2ITEMMAPPING,RETAILPRODUCT2ITEMMAPPING,FALA,286,69895ba33c79cf8bd109822cc72dce6a,hash
443,/CHIP/TAGIT_PRINTER,TAGIT_PRINTER,CHIP,218,69cf9230a2ce31fcde7ae8fd99ddb17c,hash
444,/SHOW/VIZIXEVENTFLAGS,VIZIXEVENTFLAGS,SHOW,1063,6a20d5ba80b200dd1f954ec70f44b2f4,hash
445,/TOSCA/PRINTER,PRINTER,TOSCA,1111,6a237ac00b8f715f3f7b6da36370079e,hash
446,/CSU/SETTINGEXTENDED,SETTINGEXTENDED,CSU,264,6a62a2a742a53dd839c7fa804e65002f,hash
447,/BEWI/BIZTRANSACTIONTYPE,BIZTRANSACTIONTYPE,BEWI,26,6a75f78d572baaee61eb33503958047c,hash
448,/IKEA/REFERENCELIST,REFERENCELIST,IKEA,570,6aa30203489ae1cf670f5c3687622b6b,hash
449,/BEWI/STARFLEXHS,STARFLEXHS,BEWI,52,6ab2c3bd16c7c99a91cb81c7d713e652,hash
450,/FALAPE/RULE,RULE,FALAPE,471,6b2d8d5c8033488948eadb3d2d6296e9,hash
451,/SHOW/WEBVIEW_UPDATEINVENTORY,WEBVIEW_UPDATEINVENTORY,SHOW,1043,6b31829cd866e80e271b04034333c850,hash
452,/CSU/DISCREPANCYLEVEL1,DISCREPANCYLEVEL1,CSU,243,6b34fc377a5400fb3fa1098180a94dfc,hash
453,/BEWI/DISCREPANCYEXEC,DISCREPANCYEXEC,BEWI,14,6b7f62d7d64692ace4d881cc765889fc,hash
454,/MOJIXQA/RAWEPCISEVENT,RAWEPCISEVENT,MOJIXQA,863,6cc37da53a969007ed19b7b0fbe20ceb,hash
455,/PE/PRODUCT,PRODUCT,PE,899,6cf5693260415bfd85a387923be8d8f9,hash
456,/SHOW/DISCREPANCYEXEC,DISCREPANCYEXEC,SHOW,1025,6cf881408c86742b65b1fa37cb21bb22,hash
457,/FALAPE/DISCREPANCY,DISCREPANCY,FALAPE,449,6cfc24eb4c0d70cd0ce4b7937da8f568,hash
458,/CSU/TAGIT_ZPL,TAGIT_ZPL,CSU,269,6d1c8990694bff90b1aa78303da6e723,hash
459,/MOJIXB/DISCREPANCYLEVEL1,DISCREPANCYLEVEL1,MOJIXB,675,6da88ca6849aca1876528d19627c3c30,hash
460,/PE/PART,PART,PE,929,6df30098af32064a5a09e9775fb01349,hash
461,/CELINE/BIZTRANSACTIONTYPE,BIZTRANSACTIONTYPE,CELINE,79,6dfc4440441a2b044a27ee1711976f71,hash
462,/CENT/PART,PART,CENT,174,6e20d0493d6b7ea1765c7b8d1fdbd96c,hash
463,/SHOW/IDENTIFYITEMCONFIGURATION,IDENTIFYITEMCONFIGURATION,SHOW,1033,6e3595d6cac14dd36e27a36b6a83d955,hash
464,/PERN/ATTRIBUTE,ATTRIBUTE,PERN,969,6e51ebe722060bcba2148f2ed1e435a5,hash
465,/MOJIXD/PRINTER,PRINTER,MOJIXD,793,6e766b0d6b7297c190270945bf127b17,hash
466,/PE/SALES,SALES,PE,907,6e9dccb917d3582bf0e26da51a0b4fc1,hash
467,/BEWI/SETTINGEXTENDED,SETTINGEXTENDED,BEWI,36,6ea64fe490c39dffbde2bdd18248b3fe,hash
468,/CENT/BIZTRANSACTIONTYPE,BIZTRANSACTIONTYPE,CENT,144,6f17e7bf57a1d49d8c7b10bdd9e251f8,hash
469,/FALAPE/BIZSTEP,BIZSTEP,FALAPE,461,6f50305651f67d307b8c1fbc77d5628e,hash
470,/CELINE/STARFLEXTAGIT,STARFLEXTAGIT,CELINE,99,6f6ff567880d058621abb7801094cc9d,hash
471,/MOJIX/DISCREPANCY,DISCREPANCY,MOJIX,605,7054d5ca0b28b10a08aa076e7ec68a9f,hash
472,/PERN/INVENTORYCONFIGURATIONTHING,INVENTORYCONFIGURATIONTHING,PERN,1002,70566c9d1c73663ac4910eb30a4b964e,hash
473,/FALACO/PRODUCT,PRODUCT,FALACO,389,70dd1080b2037848955c58504fc1067b,hash
474,/MOJIX/DD_SORTBY,DD_SORTBY,MOJIX,602,70f041888bf57384cf168a1d516d7c7e,hash
475,/MOJIXD/RAWEPCISEVENT,RAWEPCISEVENT,MOJIXD,811,71a02738828fa52dea3e69045de537e6,hash
476,/CHIP/DD_SORTORDER,DD_SORTORDER,CHIP,188,71a93302f66bede0ceaf8f218f1b150c,hash
477,/CELINE/TRANSFERS,TRANSFERS,CELINE,86,71fc8ec51e34b7ebccb6271b8c1e0f34,hash
478,/CENT/DISCREPANCYLEVEL1,DISCREPANCYLEVEL1,CENT,120,7200b6bd5f3218c6dc74898b1d282237,hash
479,/FALAPE/DD_SORTBY,DD_SORTBY,FALAPE,447,7240b3692197f2532b684ce5ac32e77d,hash
480,/MOJIX/ITEMSTATUSESLIFECYCLE,ITEMSTATUSESLIFECYCLE,MOJIX,618,7247a9359f82c167450d4c9ececbb533,hash
481,/FALACO/TAGIT_ZPL,TAGIT_ZPL,FALACO,425,724e988481a05999348fb384a2c5fe25,hash
482,/FALACO/STARFLEXTAGIT,STARFLEXTAGIT,FALACO,430,7268961fa46ee94bfa17a394e05b02e9,hash
483,/CENT/CYCLECOUNTCONFIGURATION,CYCLECOUNTCONFIGURATION,CENT,126,72c3c612dc1d664857b3e3626cc2709c,hash
484,/FALAPE/PRODUCTMEDIATOR,PRODUCTMEDIATOR,FALAPE,475,72c5f8024663cb2cd79edb378c214499,hash
485,/BEWI/EPCISEVENT,EPCISEVENT,BEWI,38,72cca7943f4344b6bb656824364c5b68,hash
486,/FALA/ITEMFINALSTATUS,ITEMFINALSTATUS,FALA,317,72e589aafbdc8c74e726a106f790cd5c,hash
487,/FALACO/RAWEPCISEVENT,RAWEPCISEVENT,FALACO,431,733dc272e4c7950cea9f4fdba059dbb1,hash
488,/MOJIXB/PART,PART,MOJIXB,710,734fed9fcb86bc9960c864cefc86e9fa,hash
489,/CELINE/SOHSTREAM,SOHSTREAM,CELINE,72,7381667b9a1263bd088eae2061cfe9c1,hash
490,/IKEA/FIXTURE,FIXTURE,IKEA,574,73aed731ccccb2860a1dda55bc1d845b,hash
491,/PERN/UNASSOCIATEDCONFIGURATION,UNASSOCIATEDCONFIGURATION,PERN,961,74a2c4562ebf074e864cc3ad5542ce55,hash
492,/FALABELLAPE/LOCATION,LOCATION,FALABELLAPE,360,74be665b4323ee7edfb2bd48e86dbe59,hash
493,/FALACO/PRODUCTMEDIATOR,PRODUCTMEDIATOR,FALACO,423,7500e299d94ac391bf51031fba897a1a,hash
494,/FISIA/RAWEPCISEVENT,RAWEPCISEVENT,FISIA,535,750a2d53ba238625016aa6fb371ac374,hash
495,/FALABELLAPE/ASSET,ASSET,FALABELLAPE,376,7529ae4f0f0dc47105c0faff1549be9a,hash
496,/MOJIXQA/STARFLEXTAGIT,STARFLEXTAGIT,MOJIXQA,862,75545d2ea68bea76e2101239c00c6a77,hash
497,/MOJIXD/LIGHTBUZZERCONFIG,LIGHTBUZZERCONFIG,MOJIXD,787,75a60e11e35a6d4f060320061c3fba2c,hash
498,/MOJIXC/RULE,RULE,MOJIXC,747,75a8fff73a78e864d87235cb4730bb5b,hash
499,/CELINE/ITEM,ITEM,CELINE,57,760b9ef152a0f0e9e9227fd7c3198aae,hash
500,/CHIP/REFERENCELIST,REFERENCELIST,CHIP,206,761923a1c4be5c395aa18a26e300a57f,hash
501,/CELINE/DEFECT,DEFECT,CELINE,104,761ee25013ccbbc64c59238720245d5d,hash
502,/MOJIXD/PRODUCT,PRODUCT,MOJIXD,769,7640694ff1df5cd2be8f142ccb6e67a2,hash
503,/FALA/RETAILCONFIGURATION,RETAILCONFIGURATION,FALA,297,7704e6174a345a8456374c1ab70dd43f,hash
504,/IKEA/VIZIXEVENTFLAGS,VIZIXEVENTFLAGS,IKEA,580,772c36cf59f849670fdecc9a43ba7f71,hash
505,/CELINE/FIXTURE,FIXTURE,CELINE,87,7748c777ffafbefaeca7ded85b8639f9,hash
506,/FALAPE/REFERENCELIST,REFERENCELIST,FALAPE,466,77b2ec4f45402487e0ed26d3d5be9a1d,hash
507,/SHOW/RAWEPCISEVENT,RAWEPCISEVENT,SHOW,1073,77e44742c0344b8c556c5db7d1bf51e6,hash
508,/FALABELLAPE/TRANSFERS,TRANSFERS,FALABELLAPE,365,78085c0898d6bbe782e19101fe930e23,hash
509,/CHIP/TRANSFERS,TRANSFERS,CHIP,209,780e13dbd51bd3d1b20d1c962a2f89c6,hash
510,/MOJIXD/PART,PART,MOJIXD,814,78265dcd36651c9419bbd3c9bad56ee1,hash
511,/MOJIXQA/VIZIXEVENTFLAGS,VIZIXEVENTFLAGS,MOJIXQA,856,78270147ae9852ae0860f240cb68b60b,hash
512,/PE/POECOMMANDANDCONTROL,POECOMMANDANDCONTROL,PE,926,78734eae8b1f66fb9d7c5f4936c59888,hash
513,/TOSCA/EPCISEVENT,EPCISEVENT,TOSCA,1120,78b16558f55642fbde1c9d5b42970e7f,hash
514,/FISIA/SOH,SOH,FISIA,495,78d3a9eec05546db2f2c9b9a6eec69da,hash
515,/BEWI/STOCK,STOCK,BEWI,32,79129da391584cba85abc98fbc4a6988,hash
516,/FALA/DEFECT,DEFECT,FALA,331,79313f9d6ee7563a3bd78556e3beb3fa,hash
517,/MOJIXD/ASSET,ASSET,MOJIXD,808,798ffc53777c257055dce72c6c3ae408,hash
518,/MOJIX/REFERENCELIST,REFERENCELIST,MOJIX,626,79a528214b121177a740b3def2c5bd0c,hash
519,/CENT/RETAILCONFIGURATION,RETAILCONFIGURATION,CENT,135,79d9aaeccfa916ca384a03f19e5ea25a,hash
520,/FISIA/TAGIT_PRINTER,TAGIT_PRINTER,FISIA,530,79fbc4c36c18f26b9f17bba11dbac968,hash
521,/CHIP/SALES,SALES,CHIP,207,7a3a464b6442a0d1bb1bb70514c45fe9,hash
522,/MOJIXD/RETAILPRODUCT2ITEMMAPPING,RETAILPRODUCT2ITEMMAPPING,MOJIXD,770,7ae8ac9095de4ae4437489f43325433c,hash
523,/FALA/RULE,RULE,FALA,315,7b7d498f21b3df9584861556d7bd0199,hash
524,/MOJIXQA/DISCREPANCYRULES,DISCREPANCYRULES,MOJIXQA,832,7ba31a9086fce68308566c720d13f717,hash
525,/PE/BIZTRANSACTIONTYPE,BIZTRANSACTIONTYPE,PE,871,7ba4d0c8816e5d723ecaceb2dd81a3f4,hash
526,/FALABELLAPE/DISCREPANCY,DISCREPANCY,FALABELLAPE,345,7bf5ff582a780a60d8e5d23056877a01,hash
527,/IKEA/RETAILPRODUCT2ITEMMAPPING,RETAILPRODUCT2ITEMMAPPING,IKEA,546,7c4dc21e000fb214daa150b6e1bcc47b,hash
528,/FALABELLAPE/CATEGORY,CATEGORY,FALABELLAPE,381,7c9be8763ef5f59c80b85a751f8710c8,hash
529,/CELINE/LIGHTBUZZERCONFIG,LIGHTBUZZERCONFIG,CELINE,76,7cae03a69f2f341e82175bca32bca062,hash
530,/PE/VIZIXEVENTFLAGS,VIZIXEVENTFLAGS,PE,922,7cda5677ad446285029a31dd0dbdc705,hash
531,/FISIA/DD_SORTBY,DD_SORTBY,FISIA,499,7d4421fd35be3c1c3a4e69dba3c1a567,hash
532,/CSU/DISPOSITION,DISPOSITION,CSU,231,7dc95e2d55fa6f475dff10a621f6c7c1,hash
533,/FALABELLAPE/FIXTURE,FIXTURE,FALABELLAPE,366,7dd7c44d0f327124fbbbd210208d33f6,hash
534,/FISIA/POECOMMANDANDCONTROL,POECOMMANDANDCONTROL,FISIA,536,7e4491841dc81e856c10c735e4d05828,hash
535,/FISIA/CONTENT,CONTENT,FISIA,515,7e52dca6956773317ced66edb5fe8a18,hash
536,/PE/REPLENISHMENTCONFIGURATION,REPLENISHMENTCONFIGURATION,PE,903,7e55087ddd803f7d6be56959bcd0d3e4,hash
537,/FALABELLAPE/DEPARTMENTZONEMAPPING,DEPARTMENTZONEMAPPING,FALABELLAPE,334,7e78589971ca1de7d4ea8319b53aca21,hash
538,/FISIA/TRANSFERS,TRANSFERS,FISIA,521,7ebe28597e8274c752909b74df3d40b8,hash
539,/MOJIXQA/RULE,RULE,MOJIXQA,851,7ef93b3c4ab949f7b0a664be8b4eac7d,hash
540,/MOJIXD/SOHSTREAM,SOHSTREAM,MOJIXD,783,7f34f1324e12592da7c45e019f3f833e,hash
541,/MOJIX/CHANGESTATUSCONFIGURATION,CHANGESTATUSCONFIGURATION,MOJIX,596,7f3576147fea27e20c78d21700f1949e,hash
542,/PERN/TAGCOMMISSIONAPPCONFIG,TAGCOMMISSIONAPPCONFIG,PERN,988,7f833bb162bff890918d8115e51c8031,hash
543,/CENT/DAILYSTATS,DAILYSTATS,CENT,140,7fcc9c4e599f3b465d4f1d8906cf61e3,hash
544,/IKEA/TAGCOMMISSIONAPPCONFIG,TAGCOMMISSIONAPPCONFIG,IKEA,583,7fd258dd0d1e7e87a4c8934480b0cf2c,hash
545,/FALA/BIZTRANSACTIONTYPE,BIZTRANSACTIONTYPE,FALA,306,8069afd919961edf9528661f9b33bff9,hash
546,/MOJIXQA/TAGIT_PRINTER,TAGIT_PRINTER,MOJIXQA,858,80ab165f1009e2b022e35dec57fe1c7f,hash
547,/CHIP/POECOMMANDANDCONTROL,POECOMMANDANDCONTROL,CHIP,224,80b593dadd3e158c6ad812f49f35ebd7,hash
548,/FALA/SOH,SOH,FALA,287,80f18364058671d92c4bae2f5bf78c84,hash
549,/FALABELLAPE/LIGHTBUZZERCONFIG,LIGHTBUZZERCONFIG,FALABELLAPE,355,815744ae3d0e18851a2453dc95e85f30,hash
550,/FALACO/DAILYSTATS,DAILYSTATS,FALACO,406,817c7f406c81a79bda496a0da6795f49,hash
551,/IKEA/ASSET,ASSET,IKEA,584,81cf11e59573b35982de06a805cd98db,hash
552,/MOJIXQA/PRODUCTMEDIATOR,PRODUCTMEDIATOR,MOJIXQA,855,81e150db89de70e2db014d2e6224f3ad,hash
553,/IKEA/RETAILCONFIGURATION,RETAILCONFIGURATION,IKEA,557,81fc246c35faed04b5f47507835d054a,hash
554,/MOJIXQA/DD_SORTBY,DD_SORTBY,MOJIXQA,827,821075d4c2e75ae3cd9917e7020ee910,hash
555,/IKEA/EPCSEQUENCETHING,EPCSEQUENCETHING,IKEA,549,828b4e4d176c33ca18fed1981275957c,hash
556,/SHOW/POECOMMANDANDCONTROL,POECOMMANDANDCONTROL,SHOW,1074,82f3ae5f87d3953d9b98ddb50ce0a283,hash
557,/MOJIXC/FIXTURE,FIXTURE,MOJIXC,746,83164ba886243e2640d1f9a667ddee66,hash
558,/SHOW/EPCISEVENT,EPCISEVENT,SHOW,1061,8441f50ed159067ce0ae0e131daf4c01,hash
559,/MOJIXQA/LIGHTBUZZERCONFIG,LIGHTBUZZERCONFIG,MOJIXQA,839,8449eb24831cf5f478257365da895af8,hash
560,/FALAPE/EPCSEQUENCETHING,EPCSEQUENCETHING,FALAPE,445,854efe02bf50d268d404ce04a7a00d1d,hash
561,/MOJIXC/PART,PART,MOJIXC,762,855f0d0d39cb7a8731900ba8a24c560a,hash
562,/FALA/STORE,STORE,FALA,298,8593be218f43ad168ff6aa91d5f30260,hash
563,/CSU/ITEMFINALSTATUS,ITEMFINALSTATUS,CSU,265,8621c90b4521822e6cf524ca114fbe48,hash
564,/FALABELLAPE/STARFLEXTAGIT,STARFLEXTAGIT,FALABELLAPE,378,864dd4da7c3b6109575b9fdad1ea9aa2,hash
565,/MOJIXB/DISCREPANCYRULES,DISCREPANCYRULES,MOJIXB,676,867a38519ac19dfae81193ca72d19ff4,hash
566,/PERN/RAWEPCISEVENT,RAWEPCISEVENT,PERN,1005,868edcbb4cd1e8f7d4e36f079f3c0db3,hash
567,/FISIA/ITEMFINALSTATUS,ITEMFINALSTATUS,FISIA,525,86917ad40e81eec2f57664600e4bc105,hash
568,/SHOW/ASSET,ASSET,SHOW,1067,8698f202bd70a77b0c2efdb50ae97961,hash
569,/MOJIXC/EPCSEQUENCETHING,EPCSEQUENCETHING,MOJIXC,721,86b6004dd9ac9017b58149a05799d0b0,hash
570,/PE/ITEMFINALSTATUS,ITEMFINALSTATUS,PE,893,875bf85a66ded13b8756bec6210fa450,hash
571,/IKEA/THINGTYPECRF,THINGTYPECRF,IKEA,560,8799d949f1b37f50ebcef79880491881,hash
572,/PERN/POECOMMANDANDCONTROL,POECOMMANDANDCONTROL,PERN,994,87dbf9b088160982c45c8ce62a611194,hash
573,/TOSCA/PRODUCTMEDIATOR,PRODUCTMEDIATOR,TOSCA,1121,8838a5f9256008a8e12a56c828fb65c4,hash
574,/PERN/VIZIXEVENTFLAGS,VIZIXEVENTFLAGS,PERN,985,884e77248fefb3470a3c675d07c619cb,hash
575,/CENT/APPSETTINGSCONFIGURATION,APPSETTINGSCONFIGURATION,CENT,168,88ad37a63a5a3a384abd94d77ab0ca6f,hash
576,/FALA/CONTENT,CONTENT,FALA,307,88bbf1271b2b3e8805ae044968bf33d7,hash
577,/CENT/ASSOCIATIONCONFIGURATION,ASSOCIATIONCONFIGURATION,CENT,123,88e3a4044a31a36cead63b0fea290349,hash
578,/FALAPE/DEPARTMENTZONEMAPPING,DEPARTMENTZONEMAPPING,FALAPE,438,88f24828526f2cf76e02b79c18e5ded0,hash
579,/BEWI/DISCREPANCYLEVEL1,DISCREPANCYLEVEL1,BEWI,15,88f4c51618c0fcdc2eb487661a65c760,hash
580,/SHOW/FIXTURE,FIXTURE,SHOW,1056,88f601ee2bda96ccec12aef1452d4b8e,hash
581,/FALABELLAPE/ITEM,ITEM,FALABELLAPE,336,89005b8a67dd28fb1dd13b6aad3b7f2b,hash
582,/SHOW/DEFECT,DEFECT,SHOW,1077,891e0a837a7bdd2519f0ff8c3280bbf4,hash
583,/PE/STOREATTRIBUTES,STOREATTRIBUTES,PE,915,892b0ea5f5a7a3d167318a0d99a43c21,hash
584,/CSU/PRODUCTMEDIATOR,PRODUCTMEDIATOR,CSU,267,894d5695dba986e66ff556eef4b73c6f,hash
585,/MOJIX/THINGTYPECRF,THINGTYPECRF,MOJIX,643,895849fe2d42de08afd71b590638b438,hash
586,/CHIP/BIZTRANSACTIONTYPE,BIZTRANSACTIONTYPE,CHIP,202,89961d5a0f01deed764f008729931b31,hash
587,/SHOW/ENCODETAGSCONFIGURATION,ENCODETAGSCONFIGURATION,SHOW,1031,89af2ebe4b835f4320b9bf202e3434df,hash
588,/CELINE/STOREATTRIBUTES,STOREATTRIBUTES,CELINE,61,89bc5e66ac9d9fbeb523b7e82c83ce19,hash
589,/MOJIXQA/LOCATION,LOCATION,MOJIXQA,844,89bd3ca663c5e64abd4f2fbbe80bd835,hash
590,/TOSCA/POECOMMANDANDCONTROL,POECOMMANDANDCONTROL,TOSCA,1130,89c6a3a015042e3ff35f4ae8a8ee1d03,hash
591,/FALA/STOREATTRIBUTES,STOREATTRIBUTES,FALA,288,89e74f02520a85a2e45713014b4fdbfb,hash
592,/FALABELLAPE/RULE,RULE,FALABELLAPE,367,89f8eeca01988e98a3422184339955c4,hash
593,/PERN/DISPOSITION,DISPOSITION,PERN,937,8a55d67840ff9c39c6f8c30e3428abca,hash
594,/MOJIXD/CATEGORY,CATEGORY,MOJIXD,813,8aaf889be60aad8b7cdbbec87a8ac6e7,hash
595,/MOJIXC/CONTENT,CONTENT,MOJIXC,739,8ac640a70ee6c923676a1c0baf5c0a37,hash
596,/BEWI/DD_SHELFSTATUS,DD_SHELFSTATUS,BEWI,10,8b14920ebf60adfe722f624e3b36d098,hash
597,/IKEA/TAGIT_ZPL,TAGIT_ZPL,IKEA,581,8b2eec84fd50b7db29fbea2b9b361211,hash
598,/BEWI/BIZSTEP,BIZSTEP,BEWI,25,8b8cb24e72b39d191c58c1e4271dd0ed,hash
599,/FALABELLAPE/ATTRIBUTE,ATTRIBUTE,FALABELLAPE,356,8ba22c38bad9462d4779c1ea1c0e0d60,hash
600,/PERN/RETAILCONFIGURATION,RETAILCONFIGURATION,PERN,962,8c2a40f97140855341acc46b93534c07,hash
601,/FALACO/POECOMMANDANDCONTROL,POECOMMANDANDCONTROL,FALACO,432,8c7f980520feb97990ded91e53d0b195,hash
602,/CSU/LOCATION,LOCATION,CSU,256,8c8aa0545d2d986c43873384e08b386a,hash
603,/MOJIXD/TRANSFERS,TRANSFERS,MOJIXD,797,8cb8c07c51a0f882eae8190f083a8ed3,hash
604,/CELINE/DISCREPANCY,DISCREPANCY,CELINE,66,8cf4d45bf001753a012cea0abc7c99bc,hash
605,/SHOW/SOH,SOH,SHOW,1018,8d184bf31c8c3adb4bfd385a207069cb,hash
606,/PERN/SOH,SOH,PERN,941,8dd37d793d284e388eb00539651a49f3,hash
607,/TOSCA/PRODUCT,PRODUCT,TOSCA,1087,8dd438f8c93c31e20592e1e4db7f9832,hash
608,/FALA/DISPOSITION,DISPOSITION,FALA,283,8df94b6c850a78b0148e0c6cc3141156,hash
609,/FALA/WEBVIEW_UPDATEINVENTORY,WEBVIEW_UPDATEINVENTORY,FALA,301,8e4dbf10e6443854b6642f781593d49e,hash
610,/BEWI/PRINTER,PRINTER,BEWI,29,8ea5f728c487a85c2d6e9ccf3fd00788,hash
611,/MOJIXD/BIZSTEP,BIZSTEP,MOJIXD,789,8ef17f099e0239ef42144097c16ca121,hash
612,/SHOW/DD_SORTORDER,DD_SORTORDER,SHOW,1023,8f04ef8ee9b51041d4e6b83696014603,hash
613,/MOJIX/SETTING,SETTING,MOJIX,632,8f2b310e46ea5f2254f90df3699ee9ce,hash
614,/PE/SOHSTREAM,SOHSTREAM,PE,911,8fabe0a68ef3a9431937125d08b0eef4,hash
615,/FALACO/DD_SORTORDER,DD_SORTORDER,FALACO,396,8fc20cfcb3e31e3d17f00bc6c133d0f6,hash
616,/MOJIXD/RETAILCONFIGURATION,RETAILCONFIGURATION,MOJIXD,781,8fd0dbab1b90749892a822158294ee2c,hash
617,/MOJIXB/BIZTRANSACTIONTYPE,BIZTRANSACTIONTYPE,MOJIXB,686,90682539048d148932c7e73450f080c0,hash
618,/FALACO/CATEGORY,CATEGORY,FALACO,433,907f091e25869ba30cc2929ef1d82201,hash
619,/CELINE/EPCSEQUENCETHING,EPCSEQUENCETHING,CELINE,62,9094f418cba89af223cac8724ef00f5b,hash
620,/MOJIXQA/BIZTRANSACTIONTYPE,BIZTRANSACTIONTYPE,MOJIXQA,842,90b58aecd8b12f45ab5cbb00e6005b76,hash
621,/IKEA/TRANSFERS,TRANSFERS,IKEA,573,90d0224497b986f0ca02ece5cfc65f7d,hash
622,/FALABELLAPE/ITEMSTATUSESLIFECYCLE,ITEMSTATUSESLIFECYCLE,FALABELLAPE,377,9103c2015fc98987528c0b8bfbd620b6,hash
623,/CELINE/TAGIT_ZPL,TAGIT_ZPL,CELINE,94,913f47f127a4afb6e30f155c9976d0a0,hash
624,/CSU/TAGCOMMISSIONAPPCONFIG,TAGCOMMISSIONAPPCONFIG,CSU,271,9142cd28fa1a9801e70a5f2cafca61e6,hash
625,/TOSCA/LOCATION,LOCATION,TOSCA,1110,9183c3f466b93e43f999b044bbb9133e,hash
626,/SHOW/RULE,RULE,SHOW,1057,919469d9b899719f7968389fff698d32,hash
627,/MOJIXD/VIZIXEVENTFLAGS,VIZIXEVENTFLAGS,MOJIXD,804,91a26d88bd7123762e55756dcaa1053e,hash
628,/MOJIXD/TAGCOMMISSIONAPPCONFIG,TAGCOMMISSIONAPPCONFIG,MOJIXD,807,920e17ca6a189aa301c634c2e4e7e0ab,hash
629,/MOJIXB/STOCK,STOCK,MOJIXB,692,92952726c67a860818e39eef69eb08d2,hash
630,/vizixEvent,vizixEvent,BEWI,0,92b922e333c82a48c70a442f34e3bc2b,hash
631,/IKEA/EPCISEVENT,EPCISEVENT,IKEA,578,92da8548327eff3108b5bd666d9bf700,hash
632,/MOJIXQA/ASSET,ASSET,MOJIXQA,860,92efba8bcce498d035f060d45259a164,hash
633,/FALACO/PRINTER,PRINTER,FALACO,413,9374de3afe824004cd754f19410a48eb,hash
634,/CENT/ITEMFINALSTATUS,ITEMFINALSTATUS,CENT,156,93d8ea9403444f2415bc209985014cfb,hash
635,/CENT/TRANSFERS,TRANSFERS,CENT,152,93f069d4922d0cf410e02e4e3e95c33a,hash
636,/FALA/FIXTURE,FIXTURE,FALA,314,940172854614c76e7fc769e75bc3e45e,hash
637,/FALABELLAPE/POECOMMANDANDCONTROL,POECOMMANDANDCONTROL,FALABELLAPE,380,942892a6fdef5565668fbf5b6ac1c2e6,hash
638,/CHIP/PART,PART,CHIP,226,944b698ccacaeb15833c3c2ce7cdf376,hash
639,/MOJIXC/BIZTRANSACTIONTYPE,BIZTRANSACTIONTYPE,MOJIXC,738,947684859a53821303b4f2b21ffb11cc,hash
640,/CENT/RETAILPRODUCT2ITEMMAPPING,RETAILPRODUCT2ITEMMAPPING,CENT,111,947ad0a03852c46ab16bd48159a07b51,hash
641,/vizixServices,vizixServices,BEWI,1,947b930a0ab40c360391a8c3f461693d,hash
642,/CSU/DD_SORTBY,DD_SORTBY,CSU,239,948649eb3df8704a98a85e5a9b077ad8,hash
643,/PE/CYCLECOUNTCONFIGURATION,CYCLECOUNTCONFIGURATION,PE,875,949512054641055a10cef454fe6c4ed3,hash
644,/CHIP/RETAILCONFIGURATION,RETAILCONFIGURATION,CHIP,193,94f80c079d6eb6fe0de6c68dbc3420a4,hash
645,/CELINE/ASSET,ASSET,CELINE,97,95028cf6b31c2e3e0973dc0897bd244d,hash
646,/TOSCA/BIZTRANSACTIONTYPE,BIZTRANSACTIONTYPE,TOSCA,1108,95317507b9fd1750c5b2038ced9ce243,hash
647,/IKEA/LOCATION,LOCATION,IKEA,568,957e81d99692fd40a8aa50e894fc68e9,hash
648,/CHIP/VIZIXEVENTFLAGS,VIZIXEVENTFLAGS,CHIP,216,9589a512276261860f04166159bc3496,hash
649,/MOJIXC/STARFLEXTAGIT,STARFLEXTAGIT,MOJIXC,758,95ba5723e7d104df5116cad9b84126a6,hash
650,/FALACO/DD_SORTBY,DD_SORTBY,FALACO,395,95c27c1867a4251f07f43d350f8f25b0,hash
651,/MOJIX/CONFIGURATIONTHING,CONFIGURATIONTHING,MOJIX,597,95c5875a720b97bffb502dd78c0222d0,hash
652,/FALA/SOHSTREAM,SOHSTREAM,FALA,299,95d98114b0c663c74246aefaa0877e7b,hash
653,/PERN/READERCONFIGURATION,READERCONFIGURATION,PERN,958,9652c1ed85559c088ecc868a7fa5fdc3,hash
654,/TOSCA/ITEMSTATUSESLIFECYCLE,ITEMSTATUSESLIFECYCLE,TOSCA,1127,9664b10225d674ff428fbeac9ee317b4,hash
655,/FALA/SETTINGEXTENDED,SETTINGEXTENDED,FALA,316,971254c9ffcd65f20b0e5e72f5cdfffb,hash
656,/FALACO/REFERENCELIST,REFERENCELIST,FALACO,414,973fca7a835430b30e76c7bfebb0431f,hash
657,/FALA/DD_SORTBY,DD_SORTBY,FALA,291,974949b75a2846a518cc0d372b9cf5d1,hash
658,/FALA/STOCK,STOCK,FALA,312,976ade4beb83df3244df44610fbeb890,hash
659,/FALABELLAPE/DD_SHELFSTATUS,DD_SHELFSTATUS,FALABELLAPE,342,97747fd084616bded892111b04fe1f99,hash
660,/MOJIXB/VIZIXEVENTFLAGS,VIZIXEVENTFLAGS,MOJIXB,700,9782188b93913b64f3480158cbc89337,hash
661,/FALABELLAPE/REFERENCELIST,REFERENCELIST,FALABELLAPE,362,97e9b6b9ae1f03262d40e3946ca0d09c,hash
662,/FALACO/SOH,SOH,FALACO,391,983e7b3d876340c8649cbc0e85fe96d8,hash
663,/PERN/DISCREPANCY,DISCREPANCY,PERN,947,986fd24be4392315065aa1212be5e67e,hash
664,/MOJIXD/LOCATION,LOCATION,MOJIXD,792,9893172b614a8c5760998bd55dd4b77c,hash
665,/FALACO/STOREATTRIBUTES,STOREATTRIBUTES,FALACO,392,994a4da24dde41f935399cb8f73e6275,hash
666,/SHOW/SALES,SALES,SHOW,1053,995aaab815e74ecea6274b00a50a0a3d,hash
667,/CENT/ASSET,ASSET,CENT,163,999c8d8c37d1ba8292b161183ea6d159,hash
668,/IKEA/ITEMSTATUSESLIFECYCLE,ITEMSTATUSESLIFECYCLE,IKEA,585,99b81c6edc4cfafda2d17b1ad9ec6f75,hash
669,/CELINE/STORE,STORE,CELINE,71,99ca5f8f393a1df74b74f9be4cebaf6d,hash
670,/PERN/SALES,SALES,PERN,976,99cb0ea2ca0b4d746879ac1de4729f58,hash
671,/CENT/DISCREPANCY,DISCREPANCY,CENT,118,9ab5f102b4766a489b875e04a147f36b,hash
672,/MOJIX/EPCISEVENT,EPCISEVENT,MOJIX,611,9b0115d84cb0417272156c73a6d87543,hash
673,/BEWI/DISCREPANCYRULES,DISCREPANCYRULES,BEWI,16,9b487417324f88933846e2db333dcf6d,hash
674,/CENT/130,130,CENT,172,9b9d958b683152baae15f4556ec5907e,hash
675,/CSU/LIGHTBUZZERCONFIG,LIGHTBUZZERCONFIG,CSU,251,9c961258b7fa8b2ae5b2fe091eebf5c8,hash
676,/CSU/RULE,RULE,CSU,263,9d2e8d2dcd9b65fc4d6d6f82691879f3,hash
677,/FALABELLAPE/DEFECT,DEFECT,FALABELLAPE,383,9d9998061133df6073d167df183f3e23,hash
678,/FALACO/ITEMFINALSTATUS,ITEMFINALSTATUS,FALACO,421,9dee3a7235f1da074ded539c5f128137,hash
679,/TOSCA/SALES,SALES,TOSCA,1113,9eb468668e38a2708feb5dbc7a65ec7a,hash
680,/FALABELLAPE/DISCREPANCYEXEC,DISCREPANCYEXEC,FALABELLAPE,346,9ebc25e623826ec4c647446e7a8f77a9,hash
681,/MOJIXD/ITEM,ITEM,MOJIXD,768,9ee35758416b7772bcbeab58cd1d837c,hash
682,/MOJIXD/DEPARTMENTZONEMAPPING,DEPARTMENTZONEMAPPING,MOJIXD,766,9ef8d2409c7bb93124013904a7155c69,hash
683,/FISIA/DEFECT,DEFECT,FISIA,539,9f0a4ab362be2fa3259076dbca24ab3f,hash
684,/MOJIXC/SALES,SALES,MOJIXC,743,9f8402ff3c4f5efb0ae9b137556db4c7,hash
685,/FALA/DAILYSTATS,DAILYSTATS,FALA,302,9fa79a97a137005013096cdb7f571fd6,hash
686,/PE/EPCISEVENT,EPCISEVENT,PE,887,9fbc2815ccde147c5efc64b68192b1c9,hash
687,/PERN/ITEM,ITEM,PERN,938,a0238e007c3cea94fb0e4be02df4fa7b,hash
688,/FISIA/DISCREPANCYLEVEL1,DISCREPANCYLEVEL1,FISIA,503,a02d56543f1153b0d000ad8c189c99fe,hash
689,/MOJIXD/DD_SHELFSTATUS,DD_SHELFSTATUS,MOJIXD,774,a03596fbd580650e0ba7ba6509ce1b9a,hash
690,/FISIA/WEBVIEW_UPDATEINVENTORY,WEBVIEW_UPDATEINVENTORY,FISIA,509,a071e94069b3739012d18889f3266877,hash
691,/CELINE/DISCREPANCYLEVEL1,DISCREPANCYLEVEL1,CELINE,68,a0848db1ba61f4efd2f46b33c4d1b4b4,hash
692,/SHOW/TAGIT_PRINTER,TAGIT_PRINTER,SHOW,1065,a135bb04701768131c86e307edf78c62,hash
693,/MOJIXB/EPCSEQUENCETHING,EPCSEQUENCETHING,MOJIXB,669,a1787d0de8ff6c1b8688ed0df36f64dc,hash
694,/IKEA/SOH,SOH,IKEA,547,a1dc85eb4774306d81c8d2a0cb63f723,hash
695,/FALAPE/RETAILPRODUCT2ITEMMAPPING,RETAILPRODUCT2ITEMMAPPING,FALAPE,442,a1f90a1adc09635135085b99e5a7612e,hash
696,/CELINE/SETTINGEXTENDED,SETTINGEXTENDED,CELINE,89,a27e3c8d9c8ee5843e69d8407674f180,hash
697,/BEWI/PRODUCT,PRODUCT,BEWI,5,a2acde05de9f7329d2ae3d68eefc6366,hash
698,/PE/ASSET,ASSET,PE,868,a2b0296e4337aebe3be1fce23e0f7651,hash
699,/SHOW/SETTINGEXTENDED,SETTINGEXTENDED,SHOW,1059,a36af994d52962b260d6322d2c1d8e40,hash
700,/FALAPE/DEFECT,DEFECT,FALAPE,487,a38e008e906c87ff5a245a601b3df70d,hash
701,/MOJIX/UNASSOCIATEDCONFIGURATION,UNASSOCIATEDCONFIGURATION,MOJIX,645,a399f968340bff623b3106c4532590b5,hash
702,/MOJIX/DD_SHELFSTATUS,DD_SHELFSTATUS,MOJIX,601,a3a48ca1b27bc469f049cbd17398a6fb,hash
703,/BEWI/TAGIT_PRINTER,TAGIT_PRINTER,BEWI,42,a3b3c5aa403201ec0445119e0643ebfc,hash
704,/MOJIX/BIZTRANSACTIONTYPE,BIZTRANSACTIONTYPE,MOJIX,595,a40666bd2418edfff9df4e7f4ee93100,hash
705,/MOJIXQA/BIZSTEP,BIZSTEP,MOJIXQA,841,a4592f31b571c3641bcae71ad8caeb9c,hash
706,/MOJIXB/TAGIT_ZPL,TAGIT_ZPL,MOJIXB,701,a4f31408020718a5df8e0dd04fd43d47,hash
707,/IKEA/STOREATTRIBUTES,STOREATTRIBUTES,IKEA,548,a52e20250c1a5dba6c5f117abe103740,hash
708,/MOJIX/RULE,RULE,MOJIX,630,a56df4639fc9309a923402b2d30dc498,hash
709,/FALACO/ATTRIBUTE,ATTRIBUTE,FALACO,408,a57e0c761a248c6abc925c97fa0834c0,hash
710,/CSU/EPCISEVENT,EPCISEVENT,CSU,266,a58b470682e0e8f936f83c76c3ac71a8,hash
711,/FALA/PRODUCT,PRODUCT,FALA,285,a5bb923e1eec4fc81202dd59489b15bf,hash
712,/TOSCA/PART,PART,TOSCA,1132,a5c9eaf812f95d084d01a69dccdec7eb,hash
713,/MOJIXQA/POECOMMANDANDCONTROL,POECOMMANDANDCONTROL,MOJIXQA,864,a5d2fce08f992b0835390fb45bf1a6cc,hash
714,/CELINE/REFERENCELIST,REFERENCELIST,CELINE,83,a68f8c5a4ccd760004054d51b0cf2074,hash
715,/PERN/DISCREPANCYRULES,DISCREPANCYRULES,PERN,950,a6babfc2975152b1c3b924d1cbc58d11,hash
716,/SHOW/CHANGESTATUSCONFIGURATION,CHANGESTATUSCONFIGURATION,SHOW,1028,a6c92fa4509d1d44ec04f8c26a1593a2,hash
717,/SHOW/DISPOSITION,DISPOSITION,SHOW,1014,a6d11a1ab12be2d27ff0771b0f7d632f,hash
718,/MOJIX/ITEM,ITEM,MOJIX,616,a6f28e776cd64716f450625222ddff6e,hash
719,/SHOW/APPSETTINGSCONFIGURATION,APPSETTINGSCONFIGURATION,SHOW,1071,a79b2153f222883022e111ea9f169057,hash
720,/FALACO/DD_SHELFSTATUS,DD_SHELFSTATUS,FALACO,394,a7cb202067efd162a4de5a85c329af08,hash
721,/FALACO/DISCREPANCYEXEC,DISCREPANCYEXEC,FALACO,398,a8130ea6502b7decc7b33048eafb1687,hash
722,/CENT/SOHSTREAM,SOHSTREAM,CENT,137,a8551ac6c818e24f188b4498744c23f1,hash
723,/TOSCA/TAGCOMMISSIONAPPCONFIG,TAGCOMMISSIONAPPCONFIG,TOSCA,1125,a86774c0092a26d775b9b65090e162b8,hash
724,/CHIP/THINGTYPECRF,THINGTYPECRF,CHIP,196,a8c131c630262a28350fe84cb8918c9d,hash
725,/BEWI/STOREATTRIBUTES,STOREATTRIBUTES,BEWI,8,a8d0e87dc75f81e9486d4ad2a0d6f243,hash
726,/FALACO/STORE,STORE,FALACO,402,a92fb11b9a1afc186f2e1d2c6cf35af7,hash
727,/MOJIX/STOCK,STOCK,MOJIX,637,a932e2df7da01f7e6f59d965c333fdd2,hash
728,/PERN/SOHSTREAM,SOHSTREAM,PERN,964,a942d91f0533d534faa31726c3827145,hash
729,/BEWI/RETAILPRODUCT2ITEMMAPPING,RETAILPRODUCT2ITEMMAPPING,BEWI,6,a997a2c5b4137326a6575259116cc8b7,hash
730,/BEWI/DD_SORTBY,DD_SORTBY,BEWI,11,a99ac793d356e513c1163991616bfe09,hash
731,/FISIA/THINGTYPECRF,THINGTYPECRF,FISIA,508,a9d2b445735c72e2dc6a8571bb5a2846,hash
732,/MOJIXB/RETAILPRODUCT2ITEMMAPPING,RETAILPRODUCT2ITEMMAPPING,MOJIXB,666,a9db2d8ad2e9076baa97d7ab5ac9c2b3,hash
733,/PERN/RULE,RULE,PERN,980,aa4b2e85d4ddddfbf1685d6688ee622f,hash
734,/MOJIXQA/DEPARTMENTZONEMAPPING,DEPARTMENTZONEMAPPING,MOJIXQA,818,aa91fbf7aef507c778576cd0c1167fa3,hash
735,/SHOW/BIZSTEP,BIZSTEP,SHOW,1047,aa92843426c59e56402336032d0ee853,hash
736,/SHOW/CONFIGURATIONTHING,CONFIGURATIONTHING,SHOW,1029,ab2277ebad9a5882be84866cde2ac9ab,hash
737,/FALA/LOCATION,LOCATION,FALA,308,abc7c19cbaed8678b6d89acd93eae0bf,hash
738,/CSU/ITEMSTATUSESLIFECYCLE,ITEMSTATUSESLIFECYCLE,CSU,273,abca537f0a51416127a14e6ae82f6622,hash
739,/FALAPE/DD_SORTORDER,DD_SORTORDER,FALAPE,448,ac3b3ab08d359b635007c5fd0787843b,hash
740,/FALAPE/POECOMMANDANDCONTROL,POECOMMANDANDCONTROL,FALAPE,484,ac488c34cdd8fe02333674906ac5ed7c,hash
741,/CHIP/DISCREPANCYRULES,DISCREPANCYRULES,CHIP,192,ac6b4d630999fa9e8651e24a11f474a0,hash
742,/BEWI/CONTENT,CONTENT,BEWI,27,aca23e9f4563bcf408607918cb27b9d6,hash
743,/BEWI/ASSET,ASSET,BEWI,44,ad310317f354f1e661131065504898b9,hash
744,/FALABELLAPE/SOH,SOH,FALABELLAPE,339,ad851d12a08e4129e6550aef1163947e,hash
745,/FALACO/PART,PART,FALACO,434,adbc376d2d098561861326191c9abc5e,hash
746,/CELINE/SOH,SOH,CELINE,60,adeb744f6897d528b4b57125c48e9175,hash
747,/CSU/DISCREPANCYRULES,DISCREPANCYRULES,CSU,244,ae1401355846bd84fb7eb7b6849528c6,hash
748,/MOJIXD/DD_SORTBY,DD_SORTBY,MOJIXD,775,ae766e7c9382f094b14fb64551d5122b,hash
749,/CHIP/WEBVIEW_UPDATEINVENTORY,WEBVIEW_UPDATEINVENTORY,CHIP,197,ae9c0bead9d51c39d5a586b54cfa2603,hash
750,/PERN/WEBVIEW_UPDATEINVENTORY,WEBVIEW_UPDATEINVENTORY,PERN,966,aef94750b88b049f22a25a31c2ae019a,hash
751,/IKEA/CONTENT,CONTENT,IKEA,567,af9618355931215e3161c4ccf74b6455,hash
752,/FALABELLAPE/THINGTYPECRF,THINGTYPECRF,FALABELLAPE,352,afa5bfecd62f22f0827caf08d265f142,hash
753,/PE/DD_SHELFSTATUS,DD_SHELFSTATUS,PE,877,afab7c79679501be17ed16b78d4c5f2a,hash
754,/PERN/DISCREPANCYLEVEL1,DISCREPANCYLEVEL1,PERN,949,afdeaf5d44b9208ee5c0188e10275185,hash
755,/FISIA/EPCSEQUENCETHING,EPCSEQUENCETHING,FISIA,497,b02a00d4e28ec73abcbb686b318ee8ad,hash
756,/PERN/CATEGORY,CATEGORY,PERN,995,b03d6cabd1cd2a39e32036e6d7ebe79e,hash
757,/MOJIXB/FIXTURE,FIXTURE,MOJIXB,694,b049c949d8e48b36d5276cc2770131b0,hash
758,/SHOW/PARTIALCOUNTCONFIGURATION,PARTIALCOUNTCONFIGURATION,SHOW,1078,b063b15865375b64b19639b631da23c3,hash
759,/SHOW/REFERENCELIST,REFERENCELIST,SHOW,1052,b06c7f6f1dbb407bcf06bb21cf3fe94e,hash
760,/PE/TRANSFERS,TRANSFERS,PE,920,b06e8ae2e18b1225e6e8554d65b4ea77,hash
761,/MOJIXD/DISPOSITION,DISPOSITION,MOJIXD,767,b0731a525937b35c27b3dfc00330bb37,hash
762,/CSU/ITEM,ITEM,CSU,232,b08a16e5ee6e1cb52e6c5d05ad0451de,hash
763,/FALAPE/RETAILCONFIGURATION,RETAILCONFIGURATION,FALAPE,453,b09366067fc40aa5b920d192537e990e,hash
764,/BEWI/RAWEPCISEVENT,RAWEPCISEVENT,BEWI,47,b0b9abf4bf7833bde19f9ec51981b934,hash
765,/CELINE/EPCISEVENT,EPCISEVENT,CELINE,91,b0ddd94f282b39ac052b676a1cc0f3e9,hash
766,/CSU/VIZIXEVENTFLAGS,VIZIXEVENTFLAGS,CSU,268,b0f33694a59b03a739770c60413205e7,hash
767,/FALAPE/PRINTER,PRINTER,FALAPE,465,b13e8a29e1f6d3e17712dce737720b65,hash
768,/MOJIX/PART,PART,MOJIX,653,b18729b940123573b7a00076c5a475df,hash
769,/MOJIXQA/EPCISEVENT,EPCISEVENT,MOJIXQA,854,b1987c85a89f90af59ca8394d6eb73a9,hash
770,/CENT/STARFLEXTAGIT,STARFLEXTAGIT,CENT,165,b1db07aed12d7f244da9a03e77c25af2,hash
771,/TOSCA/TAGIT_ZPL,TAGIT_ZPL,TOSCA,1123,b1f33b2348b1a1d5e309c4560e935c20,hash
772,/MOJIXC/EPCISEVENT,EPCISEVENT,MOJIXC,750,b22e2a5b1c6a30b3a87be40e849cd89b,hash
773,/PERN/SETTING,SETTING,PERN,981,b2467c9d8a050e2e5e43f9d3f0c4c3b7,hash
774,/FALA/TAGCOMMISSIONAPPCONFIG,TAGCOMMISSIONAPPCONFIG,FALA,323,b268f77b0234f7e0671959e91fe43e1b,hash
775,/MOJIXD/SOH,SOH,MOJIXD,771,b28f3f52c9c4fa1aa964ab2e11b78f78,hash
776,/PE/STOCK,STOCK,PE,913,b2d0a07342634e32260175a3de82fdc6,hash
777,/MOJIXC/VIZIXEVENTFLAGS,VIZIXEVENTFLAGS,MOJIXC,752,b2d5c9085f12d3f6e412f8a94d305b0e,hash
778,/IKEA/TAGIT_PRINTER,TAGIT_PRINTER,IKEA,582,b37933bad03532ddac6918af76ee8e0c,hash
779,/FALAPE/FIXTURE,FIXTURE,FALAPE,470,b3a140132083fb46d18d9021a22b680f,hash
780,/FALACO/EPCISEVENT,EPCISEVENT,FALACO,422,b3cb7f839a46f31ce22042e8cfab77b5,hash
781,/FISIA/ASSET,ASSET,FISIA,532,b3eda1a7881d711cd367be050f5a1e84,hash
782,/BEWI/DEFECT,DEFECT,BEWI,51,b41d7b84b863fe07427f2260e32f9ed9,hash
783,/MOJIXB/STOREATTRIBUTES,STOREATTRIBUTES,MOJIXB,668,b4440900d02924104f097a0612b3914d,hash
784,/MOJIXC/TAGIT_PRINTER,TAGIT_PRINTER,MOJIXC,754,b4b3084fc3e73ceaf70cb1afabd29dba,hash
785,/PERN/APPSETTINGSCONFIGURATION,APPSETTINGSCONFIGURATION,PERN,1001,b508c1b6b6e051fd077194861cb91dce,hash
786,/PE/LIGHTBUZZERCONFIG,LIGHTBUZZERCONFIG,PE,895,b549d9d12192fcbef05f42411803a29d,hash
787,/MOJIX/PRINTER,PRINTER,MOJIX,622,b5d574370419940044c6325fffbdca25,hash
788,/PE/FINDITEMCONFIGURATION,FINDITEMCONFIGURATION,PE,889,b612e7dc4beff804a8afd822bcec8f6b,hash
789,/FALABELLAPE/TAGCOMMISSIONAPPCONFIG,TAGCOMMISSIONAPPCONFIG,FALABELLAPE,375,b6425920f5ea73cf8ad99fdfa5838f9a,hash
790,/PERN/IDENTIFYITEMCONFIGURATION,IDENTIFYITEMCONFIGURATION,PERN,956,b672681dd3702b8ef44aa18a70c29045,hash
791,/CHIP/STOCK,STOCK,CHIP,208,b67d83f4810d1411cb9882c943476967,hash
792,/PERN/PARTIALCOUNTCONFIGURATION,PARTIALCOUNTCONFIGURATION,PERN,999,b72815a2165e3cd28f40230e93b6ed5b,hash
793,/PE/DD_SORTORDER,DD_SORTORDER,PE,879,b72d07a4931f53d02f4e55d4e43ce5c2,hash
794,/MOJIXC/THINGTYPECRF,THINGTYPECRF,MOJIXC,732,b734d09c8e68a5cb70f23e4aada98a77,hash
795,/FISIA/STOREATTRIBUTES,STOREATTRIBUTES,FISIA,496,b747c844ec0ff1417e23902bd43aa43f,hash
796,/PE/DISCREPANCY,DISCREPANCY,PE,881,b759f8ddbcf3d06a4ec81e768a541800,hash
797,/PE/THINGTYPECRF,THINGTYPECRF,PE,919,b76124d9203f9b564d090f6bb35c36d5,hash
798,/CELINE/LOCATION,LOCATION,CELINE,81,b7799207002429520e8b180475b1b01b,hash
799,/MOJIXD/DISCREPANCYLEVEL1,DISCREPANCYLEVEL1,MOJIXD,779,b79dd0efebef89100a1de4425dfa7881,hash
800,/FALABELLAPE/RETAILCONFIGURATION,RETAILCONFIGURATION,FALABELLAPE,349,b7b5e908cece527eb47eb05e5c59bd62,hash
801,/SHOW/DEPARTMENTZONEMAPPING,DEPARTMENTZONEMAPPING,SHOW,1013,b8019e8701381702f90c0e91e7ef02f6,hash
802,/TOSCA/DD_SORTBY,DD_SORTBY,TOSCA,1093,b8977a8eb2c15d590ddb459b19047246,hash
803,/TOSCA/STORE,STORE,TOSCA,1100,b9278b6e9f0e52089bdfa0a81fa98205,hash
804,/CELINE/VIZIXEVENTFLAGS,VIZIXEVENTFLAGS,CELINE,93,b938afb05c0669a7b4fcd91c9d23ade5,hash
805,/MOJIXC/DEPARTMENTZONEMAPPING,DEPARTMENTZONEMAPPING,MOJIXC,714,b94179e3b7f56c8ee0255a59771d98da,hash
806,/CENT/PRINTORDER,PRINTORDER,CENT,166,b94c59f7923e5fa40034d7ee7792b73c,hash
807,/MOJIXB/BIZSTEP,BIZSTEP,MOJIXB,685,b9cf2b87255333d214c9f3fafca466ce,hash
808,/SHOW/SETTING,SETTING,SHOW,1058,b9db69ddb0efa6c74cb34bea0e2d35a8,hash
809,/CENT/SALES,SALES,CENT,150,ba052b1350ef9d2d5bd39e7842c07841,hash
810,/MOJIXB/DAILYSTATS,DAILYSTATS,MOJIXB,682,ba3c8bf218938a70b48b05fbf64eb64b,hash
811,/SHOW/TAGIT_ZPL,TAGIT_ZPL,SHOW,1064,ba5a7c63e8df8e5dad2053503c3763ac,hash
812,/SHOW/DISCREPANCYRULES,DISCREPANCYRULES,SHOW,1027,bab62f979428ab52c41fe2ee13b93f1b,hash
813,/MOJIX/EPCSEQUENCETHING,EPCSEQUENCETHING,MOJIX,612,bac73e963f05d5539a2dbaf3f3b50747,hash
814,/MOJIXC/WEBVIEW_UPDATEINVENTORY,WEBVIEW_UPDATEINVENTORY,MOJIXC,733,bb455ede288fa32baff82518fbb46c07,hash
815,/FALACO/DISPOSITION,DISPOSITION,FALACO,387,bc4e53a43cf30f7452e14d12b269379e,hash
816,/CELINE/PRODUCT,PRODUCT,CELINE,58,bc7da3d674ec8f330a1d6fed3f231927,hash
817,/MOJIXQA/TRANSFERS,TRANSFERS,MOJIXQA,849,bca724efcef3e757b0ebf8d53d212d7a,hash
818,/FALACO/ITEM,ITEM,FALACO,388,bd17e672484879a48ff86fbdaaa941ba,hash
819,/CHIP/DD_SORTBY,DD_SORTBY,CHIP,187,bd199c1582f58826d966dc943ac5adb4,hash
820,/FALACO/TAGIT_PRINTER,TAGIT_PRINTER,FALACO,426,bd1c9f6e5abf7e92e5d5c9f7c1fe47b5,hash
821,/MOJIX/PRODUCTMEDIATOR,PRODUCTMEDIATOR,MOJIX,624,bd77c3030d6f6957e52b1d28b1871623,hash
822,/CENT/IDENTIFYITEMCONFIGURATION,IDENTIFYITEMCONFIGURATION,CENT,129,bd869c8ce8eed08c7421ff7a1704aa2b,hash
823,/PE/DAILYSTATS,DAILYSTATS,PE,876,bdbbb6d915b031a08526bd5b18c2abc5,hash
824,/MOJIXB/SOHSTREAM,SOHSTREAM,MOJIXB,679,bdef8e5cf4008aad7b9fd37dac84f6a8,hash
825,/TOSCA/THINGTYPECRF,THINGTYPECRF,TOSCA,1102,be134a87afd9edf1d8f1677555c49464,hash
826,/SHOW/THINGTYPECRF,THINGTYPECRF,SHOW,1042,be21bbf4fad2b01c105a16d14c0bf3fe,hash
827,/FALABELLAPE/STORE,STORE,FALABELLAPE,350,be3886a1eea561c62fd57ba03686b7b6,hash
828,/FALA/ITEM,ITEM,FALA,284,be38f48f930d8b5f0e9f8acab203f5dc,hash
829,/IKEA/ITEM,ITEM,IKEA,544,be7391c3b2582f7e1728ca9b815544ae,hash
830,/MOJIX/DAILYSTATS,DAILYSTATS,MOJIX,600,be8f4011d95bd9bc4d70616766461719,hash
831,/CSU/STARFLEXTAGIT,STARFLEXTAGIT,CSU,274,bec40a6c2bcd591c46453d07387c76d1,hash
832,/BEWI/DAILYSTATS,DAILYSTATS,BEWI,22,bec6a6df688b1ca9f3a40cd69a16ac62,hash
833,/CENT/DISCREPANCYEXEC,DISCREPANCYEXEC,CENT,119,bef303a669b5bae9462b36b8aee3a524,hash
834,/CENT/ITEMEMPTY,ITEMEMPTY,CENT,170,bf151a9953fc2446757f9dfc5baa026d,hash
835,/CHIP/CATEGORY,CATEGORY,CHIP,225,bf473062c911fb1fbc8712fda202e43e,hash
836,/MOJIXB/ATTRIBUTE,ATTRIBUTE,MOJIXB,684,bf5018a97071c85eaa47a3f85ed6fb4c,hash
837,/FISIA/DAILYSTATS,DAILYSTATS,FISIA,510,bf53971ea8fd503d9c1743b0f9e5ca30,hash
838,/IKEA/DISCREPANCY,DISCREPANCY,IKEA,553,bff3e5e83cbc96f7ce745e9a63090ed4,hash
839,/CHIP/DISCREPANCYLEVEL1,DISCREPANCYLEVEL1,CHIP,191,c0035a7cb7a732ede41d417c25eb5fee,hash
840,/MOJIXB/RETAILCONFIGURATION,RETAILCONFIGURATION,MOJIXB,677,c06fa1df34194eb6c230a139a8627b4f,hash
841,/IKEA/BIZTRANSACTIONTYPE,BIZTRANSACTIONTYPE,IKEA,566,c0d231df26cf2f6196ff6680c8972f85,hash
842,/MOJIXC/DISCREPANCYEXEC,DISCREPANCYEXEC,MOJIXC,726,c13d31c012a001e3e79275fbdcd3d480,hash
843,/CENT/SOH,SOH,CENT,112,c16ad734b6258dc850432629e004b12d,hash
844,/FALAPE/TRANSFERS,TRANSFERS,FALAPE,469,c179b89eeafbd2c4bc977be5ebd15098,hash
845,/SHOW/TRANSFERS,TRANSFERS,SHOW,1055,c1e2bdb506726499575fc24b6acc4d77,hash
846,/FALA/TRANSFERS,TRANSFERS,FALA,313,c1e90089133cd8eca2fa59fbc4edba09,hash
847,/PE/SOH,SOH,PE,910,c268973db38d1f4a9e39a4bdaa9ee91e,hash
848,/CENT/RULE,RULE,CENT,154,c2e353277c50e8f89eb8caa7c8c4038b,hash
849,/PERN/LIGHTBUZZERCONFIG,LIGHTBUZZERCONFIG,PERN,968,c3451d4d598d755f0d31a1b0de323509,hash
850,/MOJIX/TRANSFERS,TRANSFERS,MOJIX,644,c39223cad36b5452a4d4855f45e27fed,hash
851,/BEWI/DD_SORTORDER,DD_SORTORDER,BEWI,12,c3aea8f72608fba909e58bfc81bc606b,hash
852,/FISIA/TAGIT_ZPL,TAGIT_ZPL,FISIA,529,c3c43f1cc8de3291ce4fbfcd6be791d3,hash
853,/MOJIXQA/SETTINGEXTENDED,SETTINGEXTENDED,MOJIXQA,852,c475d8eef84c08acf3baca856a8ebe6e,hash
854,/MOJIX/STARFLEXTAGIT,STARFLEXTAGIT,MOJIX,636,c48d57c918f58dae47c1cce2c6aba4c2,hash
855,/MOJIXQA/REFERENCELIST,REFERENCELIST,MOJIXQA,846,c51eb81b925b322753a6448cb020c699,hash
856,/FALACO/THINGTYPECRF,THINGTYPECRF,FALACO,404,c5bbfe750866b9cb2a8d77b703add831,hash
857,/CELINE/PRINTER,PRINTER,CELINE,82,c606ebcb950ba557286aa2ee623be9b0,hash
858,/PERN/DAILYSTATS,DAILYSTATS,PERN,967,c6259074c11332801d052a20f13a0f0f,hash
859,/PE/CONFIGURATIONTHING,CONFIGURATIONTHING,PE,873,c66914a0ac3ae33882315734fd00a7f3,hash
860,/FISIA/TAGCOMMISSIONAPPCONFIG,TAGCOMMISSIONAPPCONFIG,FISIA,531,c67629e5f134f8d2816b5172a6f94291,hash
861,/MOJIX/RAWEPCISEVENT,RAWEPCISEVENT,MOJIX,658,c6bed31a8de664bdd6a33613ae20fdbd,hash
862,/SHOW/STOREATTRIBUTES,STOREATTRIBUTES,SHOW,1019,c6f3df7b5c74a74be443bea0a5135f1e,hash
863,/IKEA/DAILYSTATS,DAILYSTATS,IKEA,562,c6f495287bb02c09e2f9d5668c8a7e6d,hash
864,/PERN/BIZTRANSACTIONTYPE,BIZTRANSACTIONTYPE,PERN,971,c71bc4919647f5e1d40caa3ac315345b,hash
865,/PERN/PRODUCT,PRODUCT,PERN,939,c74168db7c7e16c31d897ba85ab88764,hash
866,/TOSCA/STARFLEXTAGIT,STARFLEXTAGIT,TOSCA,1128,c75921cfee31609e1cb18408928fa11c,hash
867,/MOJIX/ITEMFINALSTATUS,ITEMFINALSTATUS,MOJIX,617,c81f5e6b744b487f404025f903efd7c2,hash
868,/SHOW/ASSOCIATIONCONFIGURATION,ASSOCIATIONCONFIGURATION,SHOW,1080,c85be3f3cdde2965d8bb5abd9323d11e,hash
869,/PERN/PRODUCTMEDIATOR,PRODUCTMEDIATOR,PERN,984,c8c52bd3b12b1ceeceba2625f1bd9def,hash
870,/CHIP/LOCATION,LOCATION,CHIP,204,c8dea94ada01d0d7f388d5b811467090,hash
871,/MOJIX/APPPARAMETERSCONFIGURATION,APPPARAMETERSCONFIGURATION,MOJIX,656,c8f60a394459a2d9faf7d79f76e1cde0,hash
872,/CENT/CHANGESTATUSCONFIGURATION,CHANGESTATUSCONFIGURATION,CENT,124,c943b681f903aa221685184cbbe81385,hash
873,/CENT/PRODUCTMEDIATOR,PRODUCTMEDIATOR,CENT,158,c96826f94d711ffc08aa32f9518cef73,hash
874,/PERN/RECEIVINGCONFIG,RECEIVINGCONFIG,PERN,1000,c98ef7a3bb2306a8432c2c39a9c72c1f,hash
875,/PERN/THINGTYPECRF,THINGTYPECRF,PERN,965,c9bede5671b760ab79b3494d1eb726b6,hash
876,/SHOW/PRODUCTMEDIATOR,PRODUCTMEDIATOR,SHOW,1062,ca06017359cf4c53bc03b866588767f5,hash
877,/MOJIX/ASSET,ASSET,MOJIX,592,ca9d4e13844f43bfbe1e46b9b13b3438,hash
878,/MOJIXB/DD_SORTBY,DD_SORTBY,MOJIXB,671,ca9ff1c1424f0a9bf0641546a5f2684e,hash
879,/MOJIXD/DD_SORTORDER,DD_SORTORDER,MOJIXD,776,cacd16cbc662e7e0d6967647436ab462,hash
880,/PERN/BIZSTEP,BIZSTEP,PERN,970,caf0c8c6a9e60d46800fa0de6be687b4,hash
881,/MOJIXB/SOH,SOH,MOJIXB,667,cb196e3809a9006e264a91a858110b45,hash
882,/TOSCA/ITEM,ITEM,TOSCA,1086,cb726be2721478417ed20bb5e2d6da09,hash
883,/FALA/DD_SHELFSTATUS,DD_SHELFSTATUS,FALA,290,cb80e3ee85666fa3adc19f32ca4c1f6d,hash
884,/CSU/ASSET,ASSET,CSU,272,cb8c556699e415f0770b6830f68af5c4,hash
885,/TOSCA/ITEMFINALSTATUS,ITEMFINALSTATUS,TOSCA,1119,cb923804b94bd3164ca1923797acca39,hash
886,/FALACO/FIXTURE,FIXTURE,FALACO,418,cb98929cc107a3d86cb442f25e3e4dc3,hash
887,/FALA/DEPARTMENTZONEMAPPING,DEPARTMENTZONEMAPPING,FALA,282,cbddcc1adb5031e50c32ef3c54a8f797,hash
888,/FISIA/DEPARTMENTZONEMAPPING,DEPARTMENTZONEMAPPING,FISIA,490,cbf26be3bb54a31c5d9d46376a89a4d4,hash
889,/FALACO/DISCREPANCYRULES,DISCREPANCYRULES,FALACO,400,cc3b7381f677b2986ae460c5bbc4d654,hash
890,/IKEA/ATTRIBUTE,ATTRIBUTE,IKEA,564,cc4251b999453bfa5342a26bad0fc628,hash
891,/BEWI/SOHSTREAM,SOHSTREAM,BEWI,19,cc6cb5561b357ae5472b21f77647734a,hash
892,/PERN/ITEMSTATUSESLIFECYCLE,ITEMSTATUSESLIFECYCLE,PERN,990,ccfb54d5b60b7dcd02de833001505026,hash
893,/BEWI/ITEMFINALSTATUS,ITEMFINALSTATUS,BEWI,37,cd0c792ebd4cd4208a095036f7831953,hash
894,/FALABELLAPE/SETTINGEXTENDED,SETTINGEXTENDED,FALABELLAPE,368,cd3141885062df8ff46e6c6580868d19,hash
895,/BEWI/LOCATION,LOCATION,BEWI,28,cd5ac04ff34662239be7da3b6a7f0c6f,hash
896,/IKEA/DD_SORTORDER,DD_SORTORDER,IKEA,552,ce0d02a47632b7c19f287a498b38ab9c,hash
897,/SHOW/APPPARAMETERSCONFIGURATION,APPPARAMETERSCONFIGURATION,SHOW,1079,ce0ddf5ea67e50005b91c9c217137cbd,hash
898,/BEWI/ITEM,ITEM,BEWI,4,ce71f72347e5056bcc246ced7b11bd37,hash
899,/CENT/LOOKUPCONFIGURATION,LOOKUPCONFIGURATION,CENT,130,ce890733f575e573dd04cab7478e95fd,hash
900,/CELINE/STOCK,STOCK,CELINE,85,ce93a9b6e121f3c635d5f7ea8d8b941e,hash
901,/PERN/DISCREPANCYEXEC,DISCREPANCYEXEC,PERN,948,cf6a42b8e8cd2044b496244138c5c5a6,hash
902,/FALA/VIZIXEVENTFLAGS,VIZIXEVENTFLAGS,FALA,320,d0281754e0b3a75a9f180999b6ef4eae,hash
903,/CELINE/BIZSTEP,BIZSTEP,CELINE,78,d0601f7d0fed4b22fd008a53853a4e24,hash
904,/MOJIX/DISCREPANCYRULES,DISCREPANCYRULES,MOJIX,608,d0806eeddf987218cf7730188df819a8,hash
905,/MOJIX/PARTIALCOUNTCONFIGURATION,PARTIALCOUNTCONFIGURATION,MOJIX,655,d0bc9cfacf323fd8e7a22a1925332a20,hash
906,/MOJIX/CATEGORY,CATEGORY,MOJIX,651,d0ca814e729024f38603f628539f7442,hash
907,/CSU/BIZSTEP,BIZSTEP,CSU,253,d103fd1aada4666c5574019a9a8c8b00,hash
908,/MOJIXQA/EPCSEQUENCETHING,EPCSEQUENCETHING,MOJIXQA,825,d112b0aa6605ffbb962120369f99118f,hash
909,/PERN/ENCODETAGSCONFIGURATION,ENCODETAGSCONFIGURATION,PERN,954,d15505daf7b26510bdb3ca946333224f,hash
910,/IKEA/DEFECT,DEFECT,IKEA,591,d20bf6ebc0520820f2178a2d6b89f997,hash
911,/CELINE/CATEGORY,CATEGORY,CELINE,102,d25bc00765bb0a3d55aa0af6638d35bc,hash
912,/FALA/EPCSEQUENCETHING,EPCSEQUENCETHING,FALA,289,d2c6b10606fe321dd118fbcfa677238f,hash
913,/MOJIXC/RETAILPRODUCT2ITEMMAPPING,RETAILPRODUCT2ITEMMAPPING,MOJIXC,718,d2d50c3ddeb639dd52653af0d50b6058,hash
914,/MOJIXB/DEFECT,DEFECT,MOJIXB,711,d2e5db53432e866324dd8aaa82620aaf,hash
915,/MOJIX/ASSOCIATIONCONFIGURATION,ASSOCIATIONCONFIGURATION,MOJIX,657,d2fb969b6b5264811f95be51124b98b7,hash
916,/MOJIX/STORE,STORE,MOJIX,638,d3aa1a0cb7f70540550ae0e53f9750b2,hash
917,/MOJIXC/SOHSTREAM,SOHSTREAM,MOJIXC,731,d4999b4d09c90bac7d584a5d43938eaf,hash
918,/CHIP/ITEMFINALSTATUS,ITEMFINALSTATUS,CHIP,213,d4a5e5f2a266607157820a63d2142e7c,hash
919,/CSU/WEBVIEW_UPDATEINVENTORY,WEBVIEW_UPDATEINVENTORY,CSU,249,d4cc0c730827d681b0319d5680f0baff,hash
920,/PE/DD_SORTBY,DD_SORTBY,PE,878,d510e4bcfc78c5ca231711d567d48888,hash
921,/MOJIXC/DD_SHELFSTATUS,DD_SHELFSTATUS,MOJIXC,722,d5f1f45b807c3ed189d7fd3818732543,hash
922,/FISIA/LIGHTBUZZERCONFIG,LIGHTBUZZERCONFIG,FISIA,511,d605525fa16d0a2a6547504a9b7c2497,hash
923,/CSU/SOHSTREAM,SOHSTREAM,CSU,247,d60d9876c030df3f5bafac73683ca58c,hash
924,/FALA/ITEMSTATUSESLIFECYCLE,ITEMSTATUSESLIFECYCLE,FALA,325,d67c9f8e3da3ebe1c9029b8d08db6cac,hash
925,/IKEA/BIZSTEP,BIZSTEP,IKEA,565,d6928ca3a8b379df1f3b21bfdde96d49,hash
926,/PE/DISCREPANCYRULES,DISCREPANCYRULES,PE,884,d7132cef3cddd015ffe930647e89a586,hash
927,/MOJIXQA/PART,PART,MOJIXQA,866,d750c48a098910bbca1675876bd6a9fd,hash
928,/MOJIXD/EPCISEVENT,EPCISEVENT,MOJIXD,802,d75ccbe98d06f38be2e345eed074b72f,hash
929,/FALAPE/PART,PART,FALAPE,486,d7714174a308f38c5bf1f8f6b1615e49,hash
930,/FALACO/VIZIXEVENTFLAGS,VIZIXEVENTFLAGS,FALACO,424,d77654909835342cc60758e90ab82cd6,hash
931,/MOJIX/RETAILPRODUCT2ITEMMAPPING,RETAILPRODUCT2ITEMMAPPING,MOJIX,629,d7927c1bdb3710429f3a600eb037c972,hash
932,/FALABELLAPE/RAWEPCISEVENT,RAWEPCISEVENT,FALABELLAPE,379,d7e357d39c6facb4eb14beb45bdbc6cb,hash
933,/PE/READERCONFIGURATION,READERCONFIGURATION,PE,901,d80715d3cf797fb26e1bd30278d33507,hash
934,/CSU/CATEGORY,CATEGORY,CSU,277,d81bcc0c2fcfb9d0c948ede5579ccc62,hash
935,/FALABELLAPE/DD_SORTBY,DD_SORTBY,FALABELLAPE,343,d833fb531c74c0ebee720f81d5063df5,hash
936,/MOJIX/TEST,TEST,MOJIX,659,d85bbdc0ef8e9e36f90ea8c35d34cb29,hash
937,/FALA/EPCISEVENT,EPCISEVENT,FALA,318,d85dae919b97bccb7cf534735eeb832a,hash
938,/MOJIXB/STARFLEXTAGIT,STARFLEXTAGIT,MOJIXB,706,d8aa1f7ad0bfac6a679f17c3719db1c4,hash
939,/BEWI/DEPARTMENTZONEMAPPING,DEPARTMENTZONEMAPPING,BEWI,2,d8ed6c7406ad82ea2438ed5379ad6b42,hash
940,/MOJIXC/CATEGORY,CATEGORY,MOJIXC,761,d90f78f00f921cb13ac641c2735e9fff,hash
941,/MOJIXQA/ITEMFINALSTATUS,ITEMFINALSTATUS,MOJIXQA,853,d9c99588dc9aee11f34c9e2761c9b69e,hash
942,/CELINE/TAGIT_PRINTER,TAGIT_PRINTER,CELINE,95,da8873e1815e2654ccbdc3f47a52cfae,hash
943,/CHIP/DEFECT,DEFECT,CHIP,227,daab1a8d9b67cb5a663c39e2a8df02a6,hash
944,/SHOW/FINDITEMCONFIGURATION,FINDITEMCONFIGURATION,SHOW,1032,daac45e9450300da2151fa7abaffe8b9,hash
945,/SHOW/CONTENT,CONTENT,SHOW,1049,db243f3f28ecbbc164b395e74c97949a,hash
946,/PE/RULE,RULE,PE,906,db3b2c13504bbf2f88a49b8d4ab92cb3,hash
947,/IKEA/SOHSTREAM,SOHSTREAM,IKEA,559,db4592d63c5360daad8ad4580c80224a,hash
948,/BEWI/RULE,RULE,BEWI,35,db657b3f4518efcf508684c721da31b0,hash
949,/PERN/EPCISEVENT,EPCISEVENT,PERN,983,dc1673cac24a078c2f20e05b308ca28d,hash
950,/IKEA/PRINTER,PRINTER,IKEA,569,dc6ca35d5c4c199632f3cbbc6633ef1a,hash
951,/TOSCA/LIGHTBUZZERCONFIG,LIGHTBUZZERCONFIG,TOSCA,1105,dc771f02263aaa079eb38db8275b10a4,hash
952,/MOJIXC/TRANSFERS,TRANSFERS,MOJIXC,745,dceaf81bdcc6f0a42b7185280d6c7d73,hash
953,/TOSCA/DEFECT,DEFECT,TOSCA,1133,dd5fdf265a76179729950a7ed10c5f6d,hash
954,/MOJIXQA/STORE,STORE,MOJIXQA,834,dd817fda3d77b8e2ed2aa59ac9944e7b,hash
955,/FALACO/ITEMSTATUSESLIFECYCLE,ITEMSTATUSESLIFECYCLE,FALACO,429,dd8f77dce6bc864535c47d4fcbc39206,hash
956,/PE/ATTRIBUTE,ATTRIBUTE,PE,869,ddda03a7f6265f9cbc065ada7a91b681,hash
957,/CHIP/FIXTURE,FIXTURE,CHIP,210,ddf6121e7af6a540b30d6aa3ede8ed33,hash
958,/PE/PRODUCTMEDIATOR,PRODUCTMEDIATOR,PE,900,de1d7acd643cfe1848dbe5a0f52c010a,hash
959,/BEWI/PART,PART,BEWI,50,de207d13359692c6a4613200f8e19dad,hash
960,/MOJIX/ATTRIBUTE,ATTRIBUTE,MOJIX,593,de64a40a6c52198d81700c6b5487a382,hash
961,/FISIA/RETAILCONFIGURATION,RETAILCONFIGURATION,FISIA,505,de8a23888e28dbb311bac7c121c8ab39,hash
962,/FALABELLAPE/RETAILPRODUCT2ITEMMAPPING,RETAILPRODUCT2ITEMMAPPING,FALABELLAPE,338,de9c01dc604bf897919d1fba0aa168e9,hash
963,/MOJIXD/RULE,RULE,MOJIXD,799,ded24b039665e76b49cbbc7aa049079f,hash
964,/PERN/TAGIT_ZPL,TAGIT_ZPL,PERN,986,dee6fb151e95a9b0872379ff5107fe4f,hash
965,/FALABELLAPE/SOHSTREAM,SOHSTREAM,FALABELLAPE,351,defde097b9e853d8fb445d1fda6e5378,hash
966,/CSU/PRINTER,PRINTER,CSU,257,df12975cb481f458825cdd062698810b,hash
967,/TOSCA/STOREATTRIBUTES,STOREATTRIBUTES,TOSCA,1090,df99e8a37f366aef0e9a7f0338ff436e,hash
968,/BEWI/CATEGORY,CATEGORY,BEWI,49,dfbb8d1de13b5739211b857a9d87680b,hash
969,/PERN/STORE,STORE,PERN,963,dfe227602663629ff70d7f4c2144a724,hash
970,/PE/DISCREPANCYEXEC,DISCREPANCYEXEC,PE,882,dfe3fa4d7ca8792d8f340c265cdfccff,hash
971,/MOJIXD/FIXTURE,FIXTURE,MOJIXD,798,dff81467daf9952599373e14207fb62c,hash
972,/PE/CHANGESTATUSCONFIGURATION,CHANGESTATUSCONFIGURATION,PE,872,e0231bd259e6c524285ce726846b98c3,hash
973,/FALAPE/DISCREPANCYRULES,DISCREPANCYRULES,FALAPE,452,e0254c14e0cd471c762c90a88daa9753,hash
974,/CENT/REPLENISHMENTCONFIGURATION,REPLENISHMENTCONFIGURATION,CENT,132,e038f5fa0526dc586462affcd4c55770,hash
975,/BEWI/SOH,SOH,BEWI,7,e03e46b80140199bd59c5ba0b0ab82e9,hash
976,/CSU/DEPARTMENTZONEMAPPING,DEPARTMENTZONEMAPPING,CSU,230,e059e84bfec26b93c83f49ba8ee67f28,hash
977,/PERN/REPLENISHMENTCONFIGURATION,REPLENISHMENTCONFIGURATION,PERN,959,e0da691ed4e8ae0f4fa95e70331dddea,hash
978,/CHIP/RAWEPCISEVENT,RAWEPCISEVENT,CHIP,223,e1a885901c72d94981f93c01491e0ab3,hash
979,/IKEA/STARFLEXTAGIT,STARFLEXTAGIT,IKEA,586,e35195777d3fdeb7c170cadfae81234b,hash
980,/MOJIXC/DD_SORTORDER,DD_SORTORDER,MOJIXC,724,e3acc958cf5f42e957334b6c2f669d7d,hash
981,/SHOW/CYCLECOUNTCONFIGURATION,CYCLECOUNTCONFIGURATION,SHOW,1030,e3f8b5b0a4e0e86f719f605814d3863e,hash
982,/CENT/DD_SORTORDER,DD_SORTORDER,CENT,117,e4792dc81e8fb433aa04b9ea825a413e,hash
983,/TOSCA/FIXTURE,FIXTURE,TOSCA,1116,e48c37318fc3d903e8b9775fac1d09cc,hash
984,/BEWI/ITEMSTATUSESLIFECYCLE,ITEMSTATUSESLIFECYCLE,BEWI,45,e56528d660b981042e3b292b1c909786,hash
985,/FALACO/RULE,RULE,FALACO,419,e598e74a55246c700482e54ca04bd867,hash
986,/MOJIXD/ITEMFINALSTATUS,ITEMFINALSTATUS,MOJIXD,801,e5d97a83ac60adc0d1ca99ef31736e3a,hash
987,/MOJIXQA/DAILYSTATS,DAILYSTATS,MOJIXQA,838,e5e434e55407eced05e8881541a3c2fc,hash
988,/FALAPE/SALES,SALES,FALAPE,467,e6108a85557d2b4623977c4f10e20d32,hash
989,/MOJIXC/REFERENCELIST,REFERENCELIST,MOJIXC,742,e6d5c8862a30c934fb929c22c9668422,hash
990,/CELINE/CONTENT,CONTENT,CELINE,80,e6e9b4e488ae2d0b8999c43a2d69ba74,hash
991,/MOJIX/DISCREPANCYLEVEL1,DISCREPANCYLEVEL1,MOJIX,607,e6f923c24a9c384310d9b3d53cd219ea,hash
992,/CSU/RETAILCONFIGURATION,RETAILCONFIGURATION,CSU,245,e7488f831f260e24fa9be0406854f72a,hash
993,/FALACO/RETAILCONFIGURATION,RETAILCONFIGURATION,FALACO,401,e7db0a1e4029b2c81bcebf4bc7a554d7,hash
994,/TOSCA/ASSET,ASSET,TOSCA,1126,e7dde47611d22a6f62c6ca6ac8143603,hash
995,/MOJIXC/LIGHTBUZZERCONFIG,LIGHTBUZZERCONFIG,MOJIXC,735,e7fcda41e60b223d9e2dff8d6195876b,hash
996,/CHIP/PRODUCTMEDIATOR,PRODUCTMEDIATOR,CHIP,215,e829875aad4916fc0f8afd228ec6bd3d,hash
997,/SHOW/ITEMSTATUSESLIFECYCLE,ITEMSTATUSESLIFECYCLE,SHOW,1068,e8c8bfe0f18657064bd82f958cc874a0,hash
998,/FALA/TAGIT_PRINTER,TAGIT_PRINTER,FALA,322,e9192c84793d3d8e106ece705b23704a,hash
999,/BEWI/TAGCOMMISSIONAPPCONFIG,TAGCOMMISSIONAPPCONFIG,BEWI,43,e92951ea928d8b4e5c43ce9206f9e2b4,hash
1000,/MOJIX/CONTENT,CONTENT,MOJIX,598,e98a07f8df27fcca41acd4d0ab1ea10d,hash
1001,/CSU/CONTENT,CONTENT,CSU,255,e9cb22b44fdcabec76310b7b4e0e6f01,hash
1002,/CHIP/DAILYSTATS,DAILYSTATS,CHIP,198,ea276304a06dab2cee391ef321b2ed19,hash
1003,/CENT/INVENTORYCONFIGURATIONTHING,INVENTORYCONFIGURATIONTHING,CENT,167,eb1a7fb3d07e9029a8ce98975d4dac38,hash
1004,/FISIA/RETAILPRODUCT2ITEMMAPPING,RETAILPRODUCT2ITEMMAPPING,FISIA,494,eb25dffd3ba80a1fe821147b8d8134a6,hash
1005,/FALABELLAPE/PRODUCT,PRODUCT,FALABELLAPE,337,eb4019de1589e47ea8c8ab7659181769,hash
1006,/FALAPE/ATTRIBUTE,ATTRIBUTE,FALAPE,460,eb57f81f74a0810567feff0e820fce88,hash
1007,/FALABELLAPE/EPCISEVENT,EPCISEVENT,FALABELLAPE,370,eb604962fd0cccd5722846666b73d157,hash
1008,/BEWI/THINGTYPECRF,THINGTYPECRF,BEWI,20,ebf6c56a30058f9092b6f61dda79f6d9,hash
1009,/FALABELLAPE/CONTENT,CONTENT,FALABELLAPE,359,ec127cc063a10fdd98ec76dddfe3e6cb,hash
1010,/FALAPE/TAGIT_PRINTER,TAGIT_PRINTER,FALAPE,478,ec3a92aaebee4d15382b9741a3d71689,hash
1011,/FALABELLAPE/VIZIXEVENTFLAGS,VIZIXEVENTFLAGS,FALABELLAPE,372,ec4b3e9e66c74bac9e331527a99c3348,hash
1012,/FALA/THINGTYPECRF,THINGTYPECRF,FALA,300,ec89178196ad73bbc123721b3f064f7b,hash
1013,/MOJIX/VIZIXEVENTFLAGS,VIZIXEVENTFLAGS,MOJIX,646,eceb58cafb15e0256ecca9b050b5ef3f,hash
1014,/MOJIXB/LOCATION,LOCATION,MOJIXB,688,ecf8774d46738e03fddf927a1ce4f13e,hash
1015,/MOJIXQA/THINGTYPECRF,THINGTYPECRF,MOJIXQA,836,ed18584606c23c96473d73bbad5a3e2f,hash
1016,/MOJIX/RETAILCONFIGURATION,RETAILCONFIGURATION,MOJIX,628,ed55bff60e60af459385c4768e881e9a,hash
1017,/MOJIX/SOHSTREAM,SOHSTREAM,MOJIX,635,ed5bd347365c41b7f559921c18d5b97f,hash
1018,/MOJIXC/ASSET,ASSET,MOJIXC,756,ed656e46b453e8f0a1ebbe8044bf648a,hash
1019,/FALA/DISCREPANCY,DISCREPANCY,FALA,293,edd0d3f899a838ad8fbbe81870e4d780,hash
1020,/SHOW/STARFLEXTAGIT,STARFLEXTAGIT,SHOW,1069,ee3ddb91b59cb90f3bb4464510ea6e7d,hash
1021,/MOJIX/TAGIT_ZPL,TAGIT_ZPL,MOJIX,642,ee4dfdc43db59d370ec13c28c77d6620,hash
1022,/CENT/DD_SORTBY,DD_SORTBY,CENT,116,eeb226247488e09ecfce869abff9c341,hash
1023,/MOJIXQA/RETAILCONFIGURATION,RETAILCONFIGURATION,MOJIXQA,833,eebcf4ae7079ddc7f1d371c3cf1aa6e3,hash
1024,/FALAPE/WEBVIEW_UPDATEINVENTORY,WEBVIEW_UPDATEINVENTORY,FALAPE,457,eefa6bb8b18893e027e0faa9bd4e34bd,hash
1025,/FALACO/RETAILPRODUCT2ITEMMAPPING,RETAILPRODUCT2ITEMMAPPING,FALACO,390,ef28639c443c574884d921f57cc0b939,hash
1026,/CENT/VIZIXEVENTFLAGS,VIZIXEVENTFLAGS,CENT,159,ef3e92a716dbd183c3c1fa05a312ec19,hash
1027,/FISIA/DD_SORTORDER,DD_SORTORDER,FISIA,500,ef701e882dd3520e35180af4278948e7,hash
1028,/FALAPE/TAGCOMMISSIONAPPCONFIG,TAGCOMMISSIONAPPCONFIG,FALAPE,479,f0188dac9f6f24cd74d85befb1e5b850,hash
1029,/MOJIXB/RULE,RULE,MOJIXB,695,f03c99b4657453b61c7fbb7adc5c40b8,hash
1030,/CENT/SETTINGEXTENDED,SETTINGEXTENDED,CENT,173,f041d94a591ce820127640708237ac4e,hash
1031,/PE/PARTIALCOUNTCONFIGURATION,PARTIALCOUNTCONFIGURATION,PE,931,f04f239c82afb26e8ac53b24a033821a,hash
1032,/CSU/RETAILPRODUCT2ITEMMAPPING,RETAILPRODUCT2ITEMMAPPING,CSU,234,f07412596aaa1358868a6ab1dddef4f8,hash
1033,/FISIA/STOCK,STOCK,FISIA,520,f0dbb9f63108291bd399d09de24203ec,hash
1034,/CELINE/PRODUCTMEDIATOR,PRODUCTMEDIATOR,CELINE,92,f1846496c577427231e4c4b2c8cffed4,hash
1035,/CHIP/DISCREPANCY,DISCREPANCY,CHIP,189,f1cc34ac25be77cf44dd44efb3148b35,hash
1036,/PERN/DEFECT,DEFECT,PERN,998,f28d66c09525dabd096e8ac63994a335,hash
1037,/CHIP/LIGHTBUZZERCONFIG,LIGHTBUZZERCONFIG,CHIP,199,f2afea1e87bcae330266cb82e11c9974,hash
1038,/FALA/REFERENCELIST,REFERENCELIST,FALA,310,f2bd1dcd3cbff028549529efa18a26be,hash
1039,/MOJIXB/POECOMMANDANDCONTROL,POECOMMANDANDCONTROL,MOJIXB,708,f2fabea28968d48e123914d44b2d8730,hash
1040,/CELINE/ITEMSTATUSESLIFECYCLE,ITEMSTATUSESLIFECYCLE,CELINE,98,f32ad8bcde25fe2ee7d04fa48d90fac1,hash
1041,/MOJIXC/SETTINGEXTENDED,SETTINGEXTENDED,MOJIXC,748,f3594b37dfe6c2b90d660b8967756e11,hash
1042,/MOJIX/SOH,SOH,MOJIX,634,f3924a2e3ca034550c4508d2c91f001d,hash
1043,/FALA/ASSET,ASSET,FALA,324,f3c63d79a4dea2cda476d86909790f10,hash
1044,/PERN/TAGIT_PRINTER,TAGIT_PRINTER,PERN,987,f3cfbd8fbda1e7e1c6c8e67105ac698a,hash
1045,/CENT/CONTENT,CONTENT,CENT,146,f3f05f56ebf40f875bf8ff18aff9bc46,hash
1046,/CSU/BIZTRANSACTIONTYPE,BIZTRANSACTIONTYPE,CSU,254,f431fa991c19b570567156c5d71efa19,hash
1047,/MOJIXB/THINGTYPECRF,THINGTYPECRF,MOJIXB,680,f4362a0579f8f5f3cb09d18b146fa729,hash
1048,/CSU/DISCREPANCYEXEC,DISCREPANCYEXEC,CSU,242,f4f30e8d11be196f911f7e1d64550ed5,hash
1049,/MOJIX/LOOKUPCONFIGURATION,LOOKUPCONFIGURATION,MOJIX,621,f56487ff602f67eca117b4681f64b00d,hash
1050,/IKEA/CATEGORY,CATEGORY,IKEA,589,f582a81b39a864f39c31d5c5988d658f,hash
1051,/PERN/FINDITEMCONFIGURATION,FINDITEMCONFIGURATION,PERN,955,f5e04b495832e5f7c98ee2f2efe97c8a,hash
1052,/MOJIX/FINDITEMCONFIGURATION,FINDITEMCONFIGURATION,MOJIX,613,f5f25813dbbec15d46ffaf573c51ee8f,hash
1053,/MOJIXQA/SOH,SOH,MOJIXQA,823,f64c22188f0f7077e2af0c521f19d5cb,hash
1054,/FALACO/SALES,SALES,FALACO,415,f67e2193d347e01fcc8bc9ca21d0fe58,hash
1055,/CENT/LOCATION,LOCATION,CENT,147,f6dacb6e72142f849d8cd9ddcbc2935b,hash
1056,/PE/LOOKUPCONFIGURATION,LOOKUPCONFIGURATION,PE,897,f72ac353f5047112df574f20e5423dd2,hash
1057,/PE/FIXTURE,FIXTURE,PE,890,f738ac8b3b45bf306667173d395c526f,hash
1058,/FALABELLAPE/EPCSEQUENCETHING,EPCSEQUENCETHING,FALABELLAPE,341,f7eeced1418499f334ab87a1259011aa,hash
1059,/FALABELLAPE/WEBVIEW_UPDATEINVENTORY,WEBVIEW_UPDATEINVENTORY,FALABELLAPE,353,f8c5b7d490af5e60d7ce7414d8ef219a,hash
1060,/TOSCA/DD_SHELFSTATUS,DD_SHELFSTATUS,TOSCA,1092,f90553da95f8630e1a9cc023f8e07929,hash
1061,/MOJIXC/DD_SORTBY,DD_SORTBY,MOJIXC,723,f91717c73ee41c3def6ae8bb981816a2,hash
1062,/TOSCA/VIZIXEVENTFLAGS,VIZIXEVENTFLAGS,TOSCA,1122,f9d52bddab50e9a84fdb0dd252e9efb6,hash
1063,/CSU/DISCREPANCY,DISCREPANCY,CSU,241,f9fba25380338131a032d674392f9bbd,hash
1064,/FALAPE/CATEGORY,CATEGORY,FALAPE,485,fa0c7e66dbfe95137c217fa560458894,hash
1065,/CENT/DEPARTMENTZONEMAPPING,DEPARTMENTZONEMAPPING,CENT,107,fa1351abb6524d6f87cfa1c5ff549d64,hash
1066,/CSU/SOH,SOH,CSU,235,fa136485127f1e3eb7394a665f0a94a7,hash
1067,/FISIA/BIZTRANSACTIONTYPE,BIZTRANSACTIONTYPE,FISIA,514,fa311d640683c5e8c66b6bbc92077c52,hash
1068,/CSU/POECOMMANDANDCONTROL,POECOMMANDANDCONTROL,CSU,276,fa6907ca04dc9476e095deb20a542829,hash
1069,/CHIP/TAGCOMMISSIONAPPCONFIG,TAGCOMMISSIONAPPCONFIG,CHIP,219,fb85857db36253cadcafdba13c3c10cb,hash
1070,/TOSCA/REFERENCELIST,REFERENCELIST,TOSCA,1112,fb94c90fac359640bc4f05acf2d39645,hash
1071,/MOJIXC/STOCK,STOCK,MOJIXC,744,fbb488293befdf729e649f72db579d8d,hash
1072,/FALA/DISCREPANCYRULES,DISCREPANCYRULES,FALA,296,fc06e56ebc989b760ab5db841f9b4534,hash
1073,/SHOW/DD_SHELFSTATUS,DD_SHELFSTATUS,SHOW,1021,fc1049e00d2c7e4270e690e052f08997,hash
1074,/MOJIXB/STORE,STORE,MOJIXB,678,fc5b371f8c1031530219301ab20b0373,hash
1075,/PERN/CONTENT,CONTENT,PERN,972,fc808c40c4043c1c49ec575c77210138,hash
1076,/CHIP/EPCISEVENT,EPCISEVENT,CHIP,214,fc91725c9fce7495c934e4a491ce7fc5,hash
1077,/CENT/ITEMSTATUSESLIFECYCLE,ITEMSTATUSESLIFECYCLE,CENT,164,fc9487fd0afa120d2e6a4c4e8dc4fc4c,hash
1078,/FALA/TAGIT_ZPL,TAGIT_ZPL,FALA,321,fcc73bc4c6df5dc61a38c6f6ac7953aa,hash
1079,/BEWI/DISPOSITION,DISPOSITION,BEWI,3,fcd755b6ecbddc30061231e5b04cf220,hash
1080,/PERN/STOCK,STOCK,PERN,977,fd2b8685ddc38ec7d06c15728f476809,hash
1081,/FALACO/BIZSTEP,BIZSTEP,FALACO,409,fd5c5f270989294a9539955c51306ce4,hash
1082,/SHOW/EPCSEQUENCETHING,EPCSEQUENCETHING,SHOW,1020,fd9560b61e8ee1aa087aca39de9d90cb,hash
1083,/MOJIXC/DAILYSTATS,DAILYSTATS,MOJIXC,734,fe0c3e8da815020b1ce7bd5f2a063fbb,hash
1084,/MOJIXQA/SOHSTREAM,SOHSTREAM,MOJIXQA,835,fe4abd991561447b66ab1312732695f4,hash
1085,/FALA/RAWEPCISEVENT,RAWEPCISEVENT,FALA,327,fe84dcc56bcfc60a1149eb682750da9c,hash
1086,/FALABELLAPE/DD_SORTORDER,DD_SORTORDER,FALABELLAPE,344,fe84fded924aa90aaaf07c4df8007d63,hash
1087,/PERN/REFERENCELIST,REFERENCELIST,PERN,975,fe984cc7855de3816fbc512ab432816e,hash
1088,/BEWI/FIXTURE,FIXTURE,BEWI,34,feb48ab237972e0730fd5b8c5e8d4cd7,hash
1089,/CELINE/PART,PART,CELINE,103,fee45ffdac90e220d1bb0e859bb91f5d,hash
1090,/MOJIXC/RETAILCONFIGURATION,RETAILCONFIGURATION,MOJIXC,729,fefd9427b227ca926ec415ae4ab3c936,hash
1091,/CHIP/DISPOSITION,DISPOSITION,CHIP,179,ff2eea2dcd5df4a71394e597af0e3085,hash
1092,/PERN/DD_SORTBY,DD_SORTBY,PERN,945,ff3e5f46bcc9fb7ef826f2fc77a4d72d,hash
1093,/CENT/PRODUCT,PRODUCT,CENT,110,ffaf4c5b9b52da2cf025a7a933c5f177,hash
